{"chunk_definitions":[{"row":32,"row_count":1,"visible":true,"expansion_state":0,"options":{"engine":"r","label":"setup","include":false,"cache":false,"message":false,"warning":false,"results":"hide"},"document_id":"095B9684","chunk_id":"csetup_chunk","chunk_label":"setup"},{"row":118,"row_count":1,"visible":true,"expansion_state":0,"options":{"engine":"r","eval":false,"label":"unnamed-chunk-4"},"document_id":"095B9684","chunk_id":"cspjdg6206coo","chunk_label":"unnamed-chunk-4"}],"doc_write_time":1631762701,"working_dir":null}