{"chunk_definitions":[{"row":32,"row_count":1,"visible":true,"expansion_state":0,"options":{"engine":"r","label":"setup","include":false,"cache":false,"message":false,"warning":false,"results":"hide"},"document_id":"BF389C74","chunk_id":"csetup_chunk","chunk_label":"setup"},{"row":82,"row_count":1,"visible":true,"expansion_state":0,"options":{"engine":"r","label":"unnamed-chunk-45"},"document_id":"BF389C74","chunk_id":"cjawesbpth73s","chunk_label":"unnamed-chunk-1"},{"row":91,"row_count":1,"visible":true,"expansion_state":0,"options":{"engine":"r","label":"unnamed-chunk-47"},"document_id":"BF389C74","chunk_id":"cszvzt3vdna6s","chunk_label":"unnamed-chunk-2"}],"doc_write_time":1632891132,"working_dir":null}