Id,Label,timeset,Eccentricity,closnesscentrality,harmonicclosnesscentrality,betweenesscentrality,Degree,pageranks,modularity_class,eigencentrality,componentnumber
user_name,user_name,,1,1,1,0,1,0,0,0.000419,0
mention,mention,,1,1,1,0,1,0,0,0.000419,0
adprim59,adprim59,,6,0.310159,0.332113,16.209078,3,0,16,0.076724,0
DKIJakarta,DKIJakarta,,5,0.402613,0.465145,67001.990124,152,0.00998,16,0.737511,0
aniesbaswedan,aniesbaswedan,,5,0.436861,0.511849,178529.410705,218,0.014816,16,1,0
ChangeOrg_ID,ChangeOrg_ID,,6,0.287731,0.336403,5255.792043,95,0.001077,16,0.293696,0
Adhi_Faiz,Adhi_Faiz,,5,0.322071,0.347195,7462.572323,12,0.001771,16,0.102056,0
KemensetnegRI,KemensetnegRI,,5,0.383502,0.423069,23701.556792,62,0.010559,3,0.462535,0
KemenLHK,KemenLHK,,6,0.243656,0.253862,0,1,0,16,0.004019,0
Kemendagri_RI,Kemendagri_RI,,6,0.247479,0.258314,7.484391,2,0,16,0.005695,0
subagiobambang,subagiobambang,,6,0.310159,0.332113,16.209078,3,0,16,0.076724,0
jokowi,jokowi,,5,0.376314,0.411119,23089.80244,44,0.008261,3,0.375784,0
Kiyai_MarufAmin,Kiyai_MarufAmin,,6,0.243656,0.253862,0,1,0,16,0.004019,0
SitiNurbayaLHK,SitiNurbayaLHK,,6,0.243656,0.253862,0,1,0,16,0.004019,0
Wie_Leong02,Wie_Leong02,,6,0.310014,0.331925,1326.220623,3,0,16,0.065228,0
Change,Change,,7,0.236692,0.246146,0,1,0,16,0.002603,0
sigitwid,sigitwid,,5,0.358399,0.384013,13361.087793,17,0.002337,16,0.139474,0
psi_id,psi_id,,6,0.263944,0.273899,0,2,0,16,0.008716,0
PSI_Jakarta,PSI_Jakarta,,6,0.263944,0.273899,0,2,0,16,0.008716,0
willsarana,willsarana,,6,0.263997,0.274025,1324,2,0,16,0.005777,0
dprddkijakarta,dprddkijakarta,,5,0.347769,0.374277,3366.462211,19,0.004284,16,0.185084,0
tribunnews,tribunnews,,6,0.339569,0.363937,848.593956,14,0.004123,24,0.177856,0
haefaazhar,haefaazhar,,6,0.310159,0.332113,16.209078,3,0,16,0.076724,0
ashleyanetta,ashleyanetta,,6,0.310159,0.332113,16.209078,3,0,16,0.076724,0
dca_doank,dca_doank,,6,0.310159,0.332113,16.209078,3,0,16,0.076724,0
MulyadiMade,MulyadiMade,,7,0.222427,0.229998,0,1,0,4,0.001342,0
Dennysiregar7,Dennysiregar7,,6,0.285992,0.303157,1696.323164,5,0,4,0.024259,0
blankedmania,blankedmania,,6,0.310159,0.332113,16.209078,3,0,16,0.076724,0
Satriapradipa,Satriapradipa,,6,0.310159,0.332113,16.209078,3,0,16,0.076724,0
Uki23,Uki23,,6,0.304108,0.325409,0,1,0,16,0.037435,0
saramishella,saramishella,,6,0.310159,0.332113,16.209078,3,0,16,0.076724,0
tonikenpachi,tonikenpachi,,6,0.310159,0.332113,16.209078,3,0,16,0.076724,0
dhammaratano,dhammaratano,,5,0.32168,0.344453,3508.525557,7,0,4,0.085129,0
KSPgoid,KSPgoid,,6,0.243432,0.252906,0,1,0,4,0.003342,0
WalhiDkijakarta,WalhiDkijakarta,,6,0.243432,0.252906,0,1,0,4,0.003342,0
eko_kuntadhi,eko_kuntadhi,,6,0.326757,0.353245,7267.501328,19,0.003519,4,0.118407,0
Bay__7Sam,Bay__7Sam,,6,0.310159,0.332113,16.209078,3,0,16,0.076724,0
zahracross,zahracross,,6,0.310159,0.332113,16.209078,3,0,16,0.076724,0
tehyeye,tehyeye,,6,0.310159,0.332113,16.209078,3,0,16,0.076724,0
godham5,godham5,,6,0.289049,0.305371,1404.242264,5,0,7,0.032274,0
dady_suryady,dady_suryady,,7,0.224272,0.231574,0,1,0,7,0.001539,0
spiderr__matrix,spiderr__matrix,,6,0.296952,0.311157,337.523076,6,0,19,0.031864,0
musniumar,musniumar,,6,0.243656,0.253862,0,1,0,16,0.004019,0
jhaone_nate,jhaone_nate,,6,0.310159,0.332113,16.209078,3,0,16,0.076724,0
ada_solusi,ada_solusi,,7,0.246328,0.256649,0,1,0,4,0.004658,0
idris_ahmad1,idris_ahmad1,,6,0.264102,0.274214,1089.109856,2,0,16,0.005878,0
JustinPsi,JustinPsi,,6,0.263892,0.273522,0,1,0,16,0.005351,0
campur_campur,campur_campur,,7,0.259397,0.269416,0,1,0,3,0.008668,0
detikcom,detikcom,,6,0.350159,0.377031,6283.782084,23,0.005335,3,0.245799,0
21Mted,21Mted,,5,0.375673,0.413208,39676.740107,61,0.006701,7,0.286981,0
hutomojdp,hutomojdp,,7,0.252045,0.263084,94.316161,3,0,19,0.005638,0
ApriliaLin,ApriliaLin,,6,0.277255,0.28717,311.621401,2,0,19,0.008102,0
prilcila,prilcila,,6,0.293077,0.310201,426.679911,2,0,24,0.024005,0
rrdewok,rrdewok,,6,0.257182,0.268352,43.358126,2,0,1,0.005969,0
elHurryKoRn,elHurryKoRn,,6,0.274441,0.287371,174.954085,2,0,7,0.011976,0
Aveiro11857196,Aveiro11857196,,6,0.304528,0.326918,3969,4,0,16,0.038815,0
rockygerung,rockygerung,,7,0.23348,0.243139,0,1,0,16,0.001776,0
OnlyAnnisa,OnlyAnnisa,,7,0.23348,0.243139,0,1,0,16,0.001776,0
desyolandaa,desyolandaa,,7,0.23348,0.243139,0,1,0,16,0.001776,0
imammustofa87,imammustofa87,,5,0.350159,0.370264,2132.542457,7,0,3,0.105324,0
RizmaWidiono,RizmaWidiono,,5,0.375035,0.417119,44893.68447,77,0.008448,1,0.393913,0
KPK_RI,KPK_RI,,6,0.301205,0.319195,928.014859,9,0,16,0.058194,0
mantrikicau,mantrikicau,,6,0.294641,0.310679,6.457765,2,0,4,0.033181,0
Bangzul__88,Bangzul__88,,5,0.389134,0.436428,41950.790979,87,0.016466,3,0.618403,0
SmarsGuitar,SmarsGuitar,,6,0.288545,0.308214,1352.366316,3,0,1,0.029695,0
AlberaD5,AlberaD5,,7,0.223969,0.232757,0,1,0,1,0.001428,0
_antaresh,_antaresh,,6,0.308786,0.326591,286.639257,4,0,1,0.045417,0
donys168,donys168,,6,0.313684,0.334692,46.13784,2,0,3,0.050805,0
DivHumas_Polri,DivHumas_Polri,,6,0.243835,0.254868,19.149777,3,0,3,0.007014,0
PujieMinoritas,PujieMinoritas,,6,0.280186,0.297535,2062.269707,7,0,3,0.024737,0
Aryprasetyo85,Aryprasetyo85,,5,0.350808,0.378528,13052.094265,22,0.004047,3,0.157737,0
My_LoveNebe,My_LoveNebe,,6,0.273647,0.287094,139.57407,4,0,3,0.017096,0
cintada17,cintada17,,6,0.297419,0.311585,349.482029,5,0,19,0.022629,0
AlvinoLulu,AlvinoLulu,,7,0.2189,0.226625,0,1,0,3,0.001389,0
tvOneNews,tvOneNews,,6,0.250757,0.261686,15.387477,2,0,3,0.004518,0
ILCtv1,ILCtv1,,6,0.250757,0.261686,15.387477,2,0,3,0.004518,0
KefSedd,KefSedd,,5,0.325953,0.351346,3345.639085,11,0.002141,3,0.080544,0
oemtjsoe,oemtjsoe,,6,0.312721,0.33395,1316.446687,3,0,3,0.04035,0
DavidWijaya82,DavidWijaya82,,6,0.313387,0.333987,523.166305,6,0,24,0.052919,0
basuki_btp,basuki_btp,,6,0.256783,0.266767,1330.545646,3,0,3,0.004583,0
3hamdih,3hamdih,,5,0.327403,0.350767,640.984353,8,0,19,0.08408,0
BiLLRaY2019,BiLLRaY2019,,6,0.355228,0.379396,2945.969071,16,0.00416,4,0.161457,0
MTuhasan,MTuhasan,,6,0.329193,0.350956,7130.398798,20,0.002944,19,0.108229,0
yayansandra12,yayansandra12,,5,0.332747,0.355509,601.229428,7,0,16,0.102285,0
and1deRis,and1deRis,,6,0.295891,0.311434,1359.827788,5,0,3,0.046553,0
James_Aibon,James_Aibon,,5,0.366123,0.393862,8370.171599,24,0.005533,4,0.20646,0
ojong1945,ojong1945,,6,0.268056,0.278189,0,1,0,4,0.007567,0
CNNIDdaily,CNNIDdaily,,6,0.326033,0.350704,340.845956,12,0.003799,3,0.15993,0
DTanjung15,DTanjung15,,6,0.27633,0.287145,22.005786,2,0,4,0.012082,0
bhenytarika28,bhenytarika28,,6,0.292753,0.305585,32.946466,5,0,2,0.035275,0
Byy_wislert,Byy_wislert,,6,0.268056,0.278189,0,1,0,4,0.007567,0
Paltiwest,Paltiwest,,6,0.337236,0.365082,924.98739,15,0.004311,3,0.195978,0
Zaenalalternat1,Zaenalalternat1,,6,0.314503,0.336792,279.549003,10,0.003366,1,0.114954,0
ttobing,ttobing,,6,0.342554,0.36317,4625.528598,13,0.0038,4,0.100155,0
Bambali_Im,Bambali_Im,,5,0.380092,0.408629,12765.797312,28,0.005764,3,0.278133,0
RiWabatik,RiWabatik,,6,0.326033,0.350704,340.845956,12,0.003799,3,0.15993,0
SetiyawanIqbal,SetiyawanIqbal,,7,0.257132,0.268208,0,1,0,4,0.009908,0
samhudibae,samhudibae,,6,0.346043,0.376101,5795.892762,30,0.006882,4,0.281555,0
perempuanbanyu,perempuanbanyu,,6,0.310159,0.332113,16.209078,3,0,16,0.076724,0
bajapamungkaz,bajapamungkaz,,5,0.324278,0.349686,1655.521771,4,0,1,0.070125,0
margoNo98,margoNo98,,6,0.259855,0.270642,1324,2,0,3,0.006438,0
saefullah_dki,saefullah_dki,,7,0.20629,0.211687,0,1,0,3,0.000638,0
rimuy,rimuy,,6,0.275468,0.287547,0,1,0,4,0.011198,0
wisanggeni_084,wisanggeni_084,,5,0.380092,0.414818,19505.212488,42,0.008089,4,0.304685,0
MaryanaNunung,MaryanaNunung,,5,0.373029,0.409774,13208.680205,64,0.006,14,0.404435,0
SRufamin,SRufamin,,6,0.282335,0.29634,0,2,0,14,0.030546,0
serbuseru,serbuseru,,6,0.311838,0.33395,2.220623,3,0,16,0.070098,0
sanuri118___zz,sanuri118___zz,,6,0.295759,0.31517,1372.605481,4,0,1,0.053775,0
IndoPluralitas,IndoPluralitas,,7,0.228291,0.236857,0,1,0,1,0.002183,0
HeriPurwanto99,HeriPurwanto99,,6,0.267299,0.279094,1324,3,0,7,0.011101,0
QodrunHunter99,QodrunHunter99,,7,0.210954,0.216559,0,1,0,7,0.000832,0
Azhi21Pagar,Azhi21Pagar,,6,0.270629,0.282038,0,1,0,4,0.011445,0
WagimanDeep,WagimanDeep,,5,0.370941,0.404792,33302.62552,53,0.006968,4,0.306238,0
g0bell_78,g0bell_78,,5,0.362022,0.388113,6822.342706,31,0.007494,4,0.273049,0
Simas27R,Simas27R,,6,0.289112,0.307308,71.584558,3,0,4,0.038737,0
harriez_rey,harriez_rey,,6,0.270629,0.282038,0,1,0,4,0.011445,0
ArifinNkri17,ArifinNkri17,,6,0.379547,0.416478,17981.661253,50,0.014483,24,0.45655,0
Je_Ly,Je_Ly,,6,0.266439,0.276264,44.847408,2,0,3,0.010793,0
____x___B1G_K4y,____x___B1G_K4y,,6,0.311106,0.324654,44.290731,5,0,4,0.043011,0
CH_chotimah,CH_chotimah,,5,0.377708,0.423321,44834.736681,92,0.008625,2,0.464257,0
WahabisLokal,WahabisLokal,,6,0.3776,0.41444,28427.015303,57,0.010056,4,0.400778,0
agusbambangw,agusbambangw,,6,0.324437,0.34966,18776.448726,37,0.002828,7,0.087257,0
CastilloJoshima,CastilloJoshima,,7,0.262376,0.274787,229.97106,2,0,4,0.008798,0
medisal24jam,medisal24jam,,7,0.245007,0.254304,0,1,0,7,0.004282,0
suka011,suka011,,5,0.347404,0.372503,4044.01967,12,0.002647,16,0.111135,0
WR_4AG226,WR_4AG226,,6,0.335104,0.358704,1189.422454,9,0,4,0.092886,0
jr_kw19,jr_kw19,,5,0.357625,0.387547,12924.872089,35,0.005497,3,0.221809,0
KakekHalal,KakekHalal,,6,0.269254,0.281119,2665.664558,4,0,3,0.013473,0
FerdinandHaean2,FerdinandHaean2,,6,0.311106,0.327686,148.685174,5,0,16,0.050219,0
DeniSuryadani,DeniSuryadani,,6,0.261084,0.272151,0,2,0,3,0.007262,0
usida84,usida84,,6,0.251805,0.26283,0,1,0,1,0.005133,0
yusuf_dumdum,yusuf_dumdum,,5,0.336465,0.365434,13632.776282,23,0.003228,1,0.127985,0
andreawan16,andreawan16,,7,0.244872,0.255378,0,1,0,19,0.004448,0
Airin_NZ,Airin_NZ,,6,0.324199,0.350881,6713.833989,17,0.003325,19,0.112943,0
yungyung369,yungyung369,,6,0.259753,0.270138,0,1,0,3,0.006011,0
sakamadeha,sakamadeha,,6,0.270629,0.282038,0,1,0,4,0.011445,0
soycofe,soycofe,,6,0.310159,0.332113,16.209078,3,0,16,0.076724,0
AlexHrw,AlexHrw,,5,0.344962,0.367082,3527.222482,12,0.002922,16,0.109772,0
JohnIrwan4,JohnIrwan4,,6,0.316078,0.333371,183.668319,8,0,14,0.113008,0
Fadd20xx,Fadd20xx,,6,0.251805,0.26283,0,1,0,1,0.005133,0
weddie_s,weddie_s,,6,0.259753,0.270138,0,1,0,3,0.006011,0
elshalih,elshalih,,6,0.274554,0.290038,1399.051366,3,0,2,0.018703,0
APLpangeran1,APLpangeran1,,6,0.262013,0.273862,70.664272,4,0,16,0.012095,0
NyiAgengSerang2,NyiAgengSerang2,,7,0.215447,0.222568,0,1,0,2,0.001076,0
moprat02255,moprat02255,,6,0.251805,0.26283,0,1,0,1,0.005133,0
Hamung9,Hamung9,,6,0.259753,0.270138,0,1,0,3,0.006011,0
maskus_mambang,maskus_mambang,,6,0.272802,0.286553,0,1,0,1,0.014818,0
si_bibi,si_bibi,,6,0.263472,0.274151,0,1,0,3,0.008323,0
T0N412,T0N412,,6,0.299706,0.315069,1324,3,0,2,0.031619,0
DonnyStopline,DonnyStopline,,5,0.381844,0.410164,7305.21668,40,0.011079,3,0.396725,0
Baracuda1818,Baracuda1818,,7,0.230635,0.237416,0,1,0,2,0.001457,0
Uki_BH,Uki_BH,,6,0.309869,0.331421,2.220623,2,0,16,0.064747,0
giripramono,giripramono,,6,0.27314,0.285686,0,1,0,7,0.011347,0
Jokos_arbas,Jokos_arbas,,6,0.291722,0.308969,1389.95823,5,0,3,0.039184,0
and_reavie,and_reavie,,6,0.336465,0.357233,2787.957991,19,0.004561,2,0.134914,0
kadivhumaspolri,kadivhumaspolri,,7,0.225878,0.233504,0,1,0,3,0.001747,0
KurnadiD,KurnadiD,,6,0.270629,0.282038,0,1,0,4,0.011445,0
Alfangendut1,Alfangendut1,,6,0.304948,0.326981,1752.204138,3,0,4,0.038533,0
narkosun,narkosun,,6,0.261548,0.272566,35.287162,2,0,4,0.006251,0
ElysiaJuventina,ElysiaJuventina,,7,0.233727,0.243278,0,1,0,4,0.001736,0
nnyzhuxin,nnyzhuxin,,6,0.341583,0.368063,3898.878565,19,0.003625,19,0.124906,0
0mmenz,0mmenz,,6,0.27314,0.285686,0,1,0,7,0.011347,0
Tribun_Jakarta,Tribun_Jakarta,,6,0.274668,0.287899,48.538584,3,0,19,0.015421,0
MamakeAbien,MamakeAbien,,6,0.270629,0.282038,0,1,0,4,0.011445,0
Dvee882,Dvee882,,7,0.261135,0.272108,0,1,0,2,0.008929,0
AriestaRiico,AriestaRiico,,6,0.353333,0.382981,11681.937686,26,0.005788,2,0.249149,0
Hayantohs,Hayantohs,,7,0.246328,0.256649,0,1,0,4,0.004658,0
tri_andie,tri_andie,,6,0.251805,0.26283,0,1,0,1,0.005133,0
Lundaye1,Lundaye1,,6,0.296487,0.313358,75.074257,6,0,7,0.03765,0
AnalisaAkang,AnalisaAkang,,6,0.283604,0.299019,3.39955,3,0,7,0.022133,0
BambangYoga6,BambangYoga6,,7,0.280899,0.301806,433.66553,3,0,7,0.025545,0
Lerry28,Lerry28,,7,0.280899,0.301806,433.66553,3,0,13,0.025545,0
julian_ampera66,julian_ampera66,,6,0.29782,0.316566,382.833236,2,0,24,0.027618,0
Lady_Zeebo,Lady_Zeebo,,7,0.272634,0.29007,389.654752,3,0,7,0.01866,0
Agustinusjames,Agustinusjames,,7,0.245007,0.254304,0,1,0,7,0.004282,0
damianusdalita6,damianusdalita6,,7,0.245007,0.254304,0,1,0,7,0.004282,0
Ernalusiana9,Ernalusiana9,,7,0.245007,0.254304,0,1,0,7,0.004282,0
F3KAR,F3KAR,,7,0.245007,0.254304,0,1,0,7,0.004282,0
Gusninawati1,Gusninawati1,,7,0.245007,0.254304,0,1,0,7,0.004282,0
GunawanPr1y0,GunawanPr1y0,,6,0.260673,0.272667,8.446858,3,0,7,0.014255,0
h2nn2,h2nn2,,6,0.349696,0.375585,6372.607759,15,0.004785,13,0.159244,0
jatmiko_jatman,jatmiko_jatman,,6,0.301273,0.321019,782.80612,6,0,2,0.066615,0
Kiandraahmadza1,Kiandraahmadza1,,7,0.245007,0.254304,0,1,0,7,0.004282,0
larkapul,larkapul,,7,0.245007,0.254304,0,1,0,7,0.004282,0
masmugialba,masmugialba,,6,0.260673,0.272667,8.446858,3,0,7,0.014255,0
Mr_ZaQi,Mr_ZaQi,,7,0.245007,0.254304,0,1,0,7,0.004282,0
Mingkem10,Mingkem10,,7,0.245007,0.254304,0,1,0,7,0.004282,0
RikkyKurus3,RikkyKurus3,,7,0.245007,0.254304,0,1,0,7,0.004282,0
nayaka_77,nayaka_77,,6,0.28403,0.30034,8.446858,4,0,7,0.025601,0
Zeffal,Zeffal,,6,0.260673,0.272667,8.446858,3,0,7,0.014255,0
TeddyWoga,TeddyWoga,,6,0.260673,0.272667,8.446858,3,0,7,0.014255,0
burritozmacita,burritozmacita,,6,0.260673,0.272667,8.446858,3,0,7,0.014255,0
Guardia55403430,Guardia55403430,,5,0.344514,0.372478,15866.136667,44,0.005286,7,0.179253,0
Menu_Dasi,Menu_Dasi,,5,0.371045,0.397031,10014.8926,19,0.003854,7,0.169029,0
SetiaAdy_p,SetiaAdy_p,,6,0.315777,0.335057,1568.710826,10,0.003661,14,0.113048,0
028Phs,028Phs,,6,0.30265,0.32327,697.734689,4,0,7,0.03759,0
HarimauNusa01,HarimauNusa01,,6,0.328051,0.349157,2534.284847,10,0.002958,7,0.084257,0
deevandra,deevandra,,6,0.260673,0.272667,8.446858,3,0,7,0.014255,0
Novan17521657,Novan17521657,,6,0.260673,0.272667,8.446858,3,0,7,0.014255,0
Hary55668749,Hary55668749,,6,0.263472,0.274151,0,1,0,3,0.008323,0
Bubut871,Bubut871,,5,0.312943,0.336151,1556.806839,6,0,2,0.05644,0
AnakLolina,AnakLolina,,6,0.322149,0.339698,261.843833,5,0,3,0.058889,0
fahiraidris,fahiraidris,,5,0.353428,0.385157,13504.738781,35,0.006223,19,0.228364,0
vincent_ves,vincent_ves,,7,0.246054,0.254158,0,1,0,19,0.003747,0
So3daRNo,So3daRNo,,6,0.326274,0.346629,2801.705901,13,0.003494,19,0.096083,0
yan_oen,yan_oen,,6,0.331748,0.356176,12622.807126,25,0.002663,4,0.107382,0
Suanggi_Hitam,Suanggi_Hitam,,7,0.249154,0.258422,0,1,0,4,0.004515,0
Candraasmara85,Candraasmara85,,6,0.322934,0.339786,1687.874359,6,0,19,0.050387,0
CiciAuLiaSetya,CiciAuLiaSetya,,7,0.249154,0.258422,0,1,0,4,0.004515,0
SalmaBrecht,SalmaBrecht,,7,0.250567,0.26041,11.470837,2,0,4,0.00584,0
AgusTamrin8,AgusTamrin8,,6,0.330012,0.346868,225.214891,7,0,19,0.086314,0
hendrabrastagi5,hendrabrastagi5,,6,0.238395,0.248164,0,1,0,2,0.002385,0
mandatan4,mandatan4,,0,0,0,0,2,0,5,0.000419,0
AlliceAngelika,AlliceAngelika,,0,0,0,0,2,0,6,0.000419,0
PDI_Perjuangan,PDI_Perjuangan,,6,0.301273,0.317233,152.028494,5,0,4,0.04815,0
nurseha___,nurseha___,,6,0.270629,0.282038,0,1,0,4,0.011445,0
periani,periani,,6,0.319585,0.349358,3513.597771,53,0.003013,14,0.260828,0
evisuryanti10,evisuryanti10,,6,0.305863,0.322314,3.670745,7,0,14,0.098793,0
felixaaf1,felixaaf1,,6,0.305863,0.322314,3.670745,7,0,14,0.098793,0
Yoriemay,Yoriemay,,7,0.24223,0.252686,0,1,0,14,0.009903,0
Edward_1smail,Edward_1smail,,6,0.305863,0.322314,3.670745,7,0,14,0.098793,0
RizkiR4madani,RizkiR4madani,,5,0.379874,0.420164,23207.960114,75,0.00636,14,0.424665,0
TukangMu,TukangMu,,6,0.305863,0.322314,3.670745,7,0,14,0.098793,0
RusianaManan,RusianaManan,,6,0.275525,0.289044,0,2,0,14,0.025644,0
babegalak1,babegalak1,,6,0.330177,0.356176,1568.733494,17,0.00538,14,0.208937,0
hendri92189000,hendri92189000,,6,0.305863,0.322314,3.670745,7,0,14,0.098793,0
Vinesulaimanre1,Vinesulaimanre1,,6,0.275525,0.289044,0,2,0,14,0.025644,0
very_antony,very_antony,,6,0.308355,0.325736,1641.565674,8,0,14,0.100943,0
Aprilaza3,Aprilaza3,,6,0.305863,0.322314,3.670745,7,0,14,0.098793,0
2024GanjarRisma,2024GanjarRisma,,6,0.305863,0.322314,3.670745,7,0,14,0.098793,0
01_commando,01_commando,,6,0.305863,0.322314,3.670745,7,0,14,0.098793,0
MiftahurR5,MiftahurR5,,6,0.305863,0.322314,3.670745,7,0,14,0.098793,0
MOMDian2,MOMDian2,,6,0.305863,0.322314,3.670745,7,0,14,0.098793,0
widarto72094379,widarto72094379,,6,0.305863,0.322314,3.670745,7,0,14,0.098793,0
ANDRE_OCTA_,ANDRE_OCTA_,,6,0.305863,0.322314,3.670745,7,0,14,0.098793,0
retnosetyawat,retnosetyawat,,6,0.305863,0.322314,3.670745,7,0,14,0.098793,0
demartinnie,demartinnie,,6,0.305863,0.322314,3.670745,7,0,14,0.098793,0
MukhtarLuthfi12,MukhtarLuthfi12,,5,0.361528,0.395975,5850.61683,56,0.004071,14,0.332295,0
IshakSP2,IshakSP2,,6,0.315101,0.333358,325.882167,9,0,14,0.111629,0
zaenalkase03,zaenalkase03,,6,0.305863,0.322314,3.670745,7,0,14,0.098793,0
73hermantjoe,73hermantjoe,,6,0.322228,0.343107,364.841472,8,0,14,0.140764,0
MukhtarLuthfi11,MukhtarLuthfi11,,6,0.305863,0.322314,3.670745,7,0,14,0.098793,0
TheEndTri1,TheEndTri1,,6,0.305863,0.322314,3.670745,7,0,14,0.098793,0
Ningnon11392644,Ningnon11392644,,6,0.305863,0.322314,3.670745,7,0,14,0.098793,0
Jokoumb64504158,Jokoumb64504158,,6,0.305863,0.322314,3.670745,7,0,14,0.098793,0
To_welly,To_welly,,6,0.305863,0.322314,3.670745,7,0,14,0.098793,0
LukmanHarijanto,LukmanHarijanto,,6,0.305863,0.322314,3.670745,7,0,14,0.098793,0
SultanAnjar,SultanAnjar,,6,0.305863,0.322314,3.670745,7,0,14,0.098793,0
Nana_Rosaa_,Nana_Rosaa_,,6,0.305863,0.322314,3.670745,7,0,14,0.098793,0
H4diku,H4diku,,6,0.305863,0.322314,3.670745,7,0,14,0.098793,0
RudyPRONKRI,RudyPRONKRI,,6,0.305863,0.322314,3.670745,7,0,14,0.098793,0
eddies_song,eddies_song,,6,0.305863,0.322314,3.670745,7,0,14,0.098793,0
Toni_Leong,Toni_Leong,,6,0.305863,0.322314,3.670745,7,0,14,0.098793,0
SundaEmpireGL,SundaEmpireGL,,6,0.305863,0.322314,3.670745,7,0,14,0.098793,0
sandyis5,sandyis5,,6,0.305863,0.322314,3.670745,7,0,14,0.098793,0
HettyyNk,HettyyNk,,6,0.315101,0.333358,325.882167,9,0,14,0.111629,0
Usep210,Usep210,,6,0.305863,0.322314,3.670745,7,0,14,0.098793,0
yasser_fadilah,yasser_fadilah,,6,0.305863,0.322314,3.670745,7,0,14,0.098793,0
Mulia07094480,Mulia07094480,,6,0.305863,0.322314,3.670745,7,0,14,0.098793,0
dian_ibunda,dian_ibunda,,6,0.305863,0.322314,3.670745,7,0,14,0.098793,0
PetrusBun,PetrusBun,,6,0.305863,0.322314,3.670745,7,0,14,0.098793,0
Arieamy3,Arieamy3,,6,0.305863,0.322314,3.670745,7,0,14,0.098793,0
gimbal_keren,gimbal_keren,,6,0.315101,0.333358,325.882167,9,0,14,0.111629,0
Fahrihamzah,Fahrihamzah,,7,0.24223,0.252686,0,1,0,14,0.009903,0
amexcahndeso,amexcahndeso,,6,0.296487,0.314289,23.430864,5,0,2,0.062333,0
Tjhinfar22,Tjhinfar22,,6,0.363312,0.400679,13111.422153,50,0.005478,2,0.275297,0
TheArieAir,TheArieAir,,6,0.381185,0.425736,40585.929824,81,0.012014,2,0.482,0
4Y4NKZ,4Y4NKZ,,6,0.357047,0.392981,6915.930133,48,0.0046,2,0.256863,0
HmfaqihA,HmfaqihA,,6,0.333669,0.361786,3379.287753,41,0.002974,2,0.163084,0
ParthaSaderi,ParthaSaderi,,6,0.30714,0.327371,490.279356,7,0,2,0.078435,0
Amarabandhu,Amarabandhu,,7,0.223478,0.240374,0,1,0,16,0.011977,0
Bro71234874,Bro71234874,,5,0.318816,0.342164,1540.081267,4,0,16,0.080062,0
dinaslhdki,dinaslhdki,,6,0.241788,0.25166,0,1,0,16,0.003116,0
Tu2t_A6i,Tu2t_A6i,,6,0.276907,0.292113,15.713311,2,0,1,0.023141,0
gfunkerwin,gfunkerwin,,6,0.310159,0.332113,16.209078,3,0,16,0.076724,0
Bubblekentang,Bubblekentang,,6,0.310159,0.332113,16.209078,3,0,16,0.076724,0
Mengkoson,Mengkoson,,7,0.239646,0.24892,0,1,0,24,0.002658,0
YRadianto,YRadianto,,6,0.315101,0.337371,2488.364919,7,0,24,0.062438,0
Sawungg34828116,Sawungg34828116,,6,0.308283,0.330503,162.912163,3,0,19,0.043302,0
adekchromosome,adekchromosome,,6,0.310159,0.332113,16.209078,3,0,16,0.076724,0
kinsbart,kinsbart,,6,0.310159,0.332113,16.209078,3,0,16,0.076724,0
Lundayee,Lundayee,,6,0.320048,0.339082,2270.389854,16,0.002539,7,0.056036,0
mochamadarip,mochamadarip,,6,0.280245,0.293799,47.849067,3,0,3,0.019392,0
IwanUntungKurn3,IwanUntungKurn3,,6,0.308642,0.327497,562.072029,7,0,24,0.058137,0
Yadi__Asli,Yadi__Asli,,6,0.287731,0.300365,1339.834086,4,0,24,0.022053,0
NotesofMila,NotesofMila,,6,0.318586,0.342792,3823.847539,7,0,24,0.066951,0
tjhinfar21,tjhinfar21,,6,0.291979,0.309132,17.917796,2,0,24,0.025744,0
Mas_Eko_Hartono,Mas_Eko_Hartono,,5,0.389591,0.42556,27506.203819,63,0.01224,4,0.434939,0
VaniaCiprut,VaniaCiprut,,6,0.326274,0.347333,388.166345,12,0.003009,3,0.154111,0
comm_jenn,comm_jenn,,5,0.383502,0.420428,27221.489957,60,0.009782,1,0.348127,0
LambangDC5,LambangDC5,,6,0.277255,0.289509,0,1,0,1,0.012957,0
elninn,elninn,,5,0.34282,0.368503,1257.202458,9,0,3,0.113846,0
SuaraAnies,SuaraAnies,,6,0.278654,0.29234,21.848191,3,0,1,0.022198,0
hamaro_id,hamaro_id,,6,0.277255,0.289509,0,1,0,1,0.012957,0
gunoto7,gunoto7,,6,0.277255,0.289509,0,1,0,1,0.012957,0
Trezercoll2,Trezercoll2,,6,0.272746,0.284377,4.452028,2,0,19,0.013478,0
MYusufK2,MYusufK2,,6,0.272802,0.286553,0,1,0,1,0.014818,0
heniunique,heniunique,,6,0.28593,0.298881,0,2,0,1,0.018063,0
KemenPU,KemenPU,,6,0.339222,0.361836,982.987259,11,0.003377,3,0.141294,0
ayu__mantari,ayu__mantari,,5,0.311618,0.334289,283.39328,4,0,19,0.051881,0
triwul82,triwul82,,6,0.277255,0.289509,0,1,0,1,0.012957,0
MrHartono2,MrHartono2,,6,0.277255,0.289509,0,1,0,1,0.012957,0
melekpolitikcom,melekpolitikcom,,6,0.34018,0.364566,462.369354,13,0.004044,24,0.182096,0
kangdede78,kangdede78,,5,0.340442,0.362239,9.149057,3,0,3,0.073994,0
klelur028,klelur028,,5,0.354847,0.383522,21942.630614,35,0.002874,19,0.16225,0
DuniaTerbalik_,DuniaTerbalik_,,6,0.261961,0.272214,0,1,0,19,0.006566,0
Namaku_Mei,Namaku_Mei,,6,0.290889,0.303447,47.988267,2,0,4,0.020048,0
BudakCi84195976,BudakCi84195976,,6,0.277023,0.290717,31.401786,2,0,1,0.019608,0
AyahEnya,AyahEnya,,7,0.22837,0.235159,0,1,0,3,0.00194,0
TriesMas,TriesMas,,5,0.371878,0.397736,2356.261492,20,0.006001,3,0.240081,0
Natharin57,Natharin57,,6,0.335783,0.364038,3231.280472,16,0.004225,24,0.163103,0
PakarLogika,PakarLogika,,7,0.249154,0.258422,0,1,0,4,0.004515,0
el_chaeng,el_chaeng,,7,0.238997,0.24651,1324,2,0,2,0.003301,0
hanzkk_,hanzkk_,,8,0.192924,0.196939,0,1,0,2,0.000538,0
KitaSayangPakde,KitaSayangPakde,,6,0.313832,0.330629,2729.024921,7,0,2,0.070868,0
ewin_roxi,ewin_roxi,,6,0.251805,0.26283,0,1,0,1,0.005133,0
goenhpm,goenhpm,,6,0.27314,0.285686,0,1,0,7,0.011347,0
Pangkalanx,Pangkalanx,,6,0.281795,0.296478,0,2,0,7,0.018014,0
cemaragunung,cemaragunung,,6,0.331582,0.352528,763.868093,8,0,3,0.112063,0
Mata_hari9,Mata_hari9,,6,0.27314,0.285686,0,1,0,7,0.011347,0
BuNg4_Troto4R,BuNg4_Troto4R,,5,0.361725,0.384604,3406.31064,14,0.003676,3,0.149603,0
gito51226,gito51226,,6,0.351179,0.381346,28217.791546,45,0.00353,7,0.15639,0
bwd12,bwd12,,6,0.281795,0.296478,0,2,0,7,0.018014,0
and_reavie2,and_reavie2,,6,0.281795,0.296478,0,2,0,7,0.018014,0
KadrunHunter99,KadrunHunter99,,6,0.370008,0.406478,22749.47992,57,0.009964,4,0.391975,0
BayuPutra212,BayuPutra212,,6,0.32404,0.341899,1226.866523,8,0,16,0.060016,0
gajahmad5,gajahmad5,,6,0.281795,0.296478,0,2,0,7,0.018014,0
tunjung_tun,tunjung_tun,,6,0.281795,0.296478,0,2,0,7,0.018014,0
abangovet,abangovet,,6,0.281795,0.296478,0,2,0,7,0.018014,0
seruanhl,seruanhl,,5,0.393292,0.425195,16793.131607,37,0.007419,3,0.361254,0
CahRagil1708,CahRagil1708,,6,0.292753,0.305409,90.842398,3,0,24,0.021963,0
karniilyas,karniilyas,,6,0.278771,0.290843,70.677177,4,0,3,0.017091,0
imanuelsihotang,imanuelsihotang,,6,0.310159,0.332113,16.209078,3,0,16,0.076724,0
Suryono46350704,Suryono46350704,,5,0.346315,0.37478,1858.384598,19,0.005761,3,0.197628,0
QIZVERA,QIZVERA,,6,0.326757,0.352277,344.973468,14,0.00433,3,0.176604,0
cerita_temen,cerita_temen,,6,0.324675,0.348755,233.485125,11,0.003537,3,0.152363,0
Anaklang82,Anaklang82,,6,0.324675,0.348755,233.485125,11,0.003537,3,0.152363,0
AnggitaManohara,AnggitaManohara,,6,0.330012,0.354792,259.649362,12,0.003789,3,0.166578,0
ngc2781,ngc2781,,6,0.324675,0.348755,233.485125,11,0.003537,3,0.152363,0
bang_ajoen79,bang_ajoen79,,6,0.358884,0.389119,3316.179289,28,0.007906,2,0.295491,0
permadiaktivis,permadiaktivis,,6,0.338788,0.366642,3822.694966,17,0.005095,3,0.19436,0
iknum_ario,iknum_ario,,7,0.24771,0.25607,0,1,0,19,0.004302,0
nomakev,nomakev,,7,0.244645,0.254643,113.803084,2,0,19,0.003614,0
helmifelis,helmifelis,,6,0.273874,0.285522,2933.076977,6,0,19,0.00951,0
realmePriGim,realmePriGim,,6,0.316003,0.338164,1984.488898,6,0,19,0.066384,0
putra_sosrobahu,putra_sosrobahu,,6,0.298222,0.325308,22856.918859,35,0.00135,24,0.072008,0
_aLLindah,_aLLindah,,6,0.354657,0.382465,7882.887565,12,0.00439,13,0.152103,0
suntorolowo1,suntorolowo1,,7,0.241392,0.253655,231.587113,2,0,19,0.005626,0
FeriyantoArief,FeriyantoArief,,6,0.30771,0.329321,396.227424,4,0,24,0.052657,0
Diti44668265,Diti44668265,,6,0.30771,0.329321,396.227424,4,0,24,0.052657,0
LiaPutr44029793,LiaPutr44029793,,6,0.30771,0.329321,396.227424,4,0,24,0.052657,0
detje1212,detje1212,,6,0.30771,0.329321,396.227424,4,0,24,0.052657,0
Charles61203278,Charles61203278,,6,0.337666,0.36127,4241.41217,7,0,24,0.085244,0
hildasarilesta1,hildasarilesta1,,6,0.30771,0.329321,396.227424,4,0,24,0.052657,0
Abdulmubarok01,Abdulmubarok01,,6,0.327727,0.351748,1814.154674,7,0,3,0.091102,0
pernahKangen,pernahKangen,,6,0.30771,0.329321,396.227424,4,0,24,0.052657,0
BANGSAygSUJUD,BANGSAygSUJUD,,6,0.30771,0.329321,396.227424,4,0,24,0.052657,0
ikhwan_nasai,ikhwan_nasai,,6,0.30771,0.329321,396.227424,4,0,24,0.052657,0
Lubissafa,Lubissafa,,6,0.30771,0.329321,396.227424,4,0,24,0.052657,0
M_Yanto_bae,M_Yanto_bae,,6,0.314204,0.336893,694.105898,5,0,24,0.06431,0
seblak_mumet,seblak_mumet,,7,0.229756,0.240165,0,1,0,24,0.003704,0
Cilik79,Cilik79,,7,0.229756,0.240165,0,1,0,24,0.003704,0
semarbadranay13,semarbadranay13,,7,0.229756,0.240165,0,1,0,24,0.003704,0
BobbyHerman17,BobbyHerman17,,7,0.229756,0.240165,0,1,0,24,0.003704,0
SatrioGenit,SatrioGenit,,7,0.229756,0.240165,0,1,0,24,0.003704,0
na_oeli,na_oeli,,7,0.229756,0.240165,0,1,0,24,0.003704,0
borutoholic,borutoholic,,7,0.229756,0.240165,0,1,0,24,0.003704,0
KopiLuw51857120,KopiLuw51857120,,7,0.229756,0.240165,0,1,0,24,0.003704,0
Renowongcilik,Renowongcilik,,7,0.229756,0.240165,0,1,0,24,0.003704,0
__danu_,__danu_,,7,0.229756,0.240165,0,1,0,24,0.003704,0
ProjectUnggul,ProjectUnggul,,7,0.229756,0.240165,0,1,0,24,0.003704,0
mpok_yanii,mpok_yanii,,7,0.229756,0.240165,0,1,0,24,0.003704,0
Mammai_3G,Mammai_3G,,7,0.229756,0.240165,0,1,0,24,0.003704,0
4715Emank,4715Emank,,7,0.229756,0.240165,0,1,0,24,0.003704,0
SheillaaaG,SheillaaaG,,7,0.229756,0.240165,0,1,0,24,0.003704,0
_kesit,_kesit,,7,0.229756,0.240165,0,1,0,24,0.003704,0
arjuno_ireng01,arjuno_ireng01,,6,0.282335,0.294667,18.818454,2,0,3,0.018978,0
Sant_Tingwe,Sant_Tingwe,,5,0.364612,0.391597,9153.727318,30,0.005956,3,0.233443,0
Penyuka_ombak,Penyuka_ombak,,6,0.281855,0.293623,24.365932,3,0,3,0.016015,0
dvbdwish,dvbdwish,,6,0.296487,0.314289,23.430864,5,0,2,0.062333,0
ChaChaQer,ChaChaQer,,6,0.312721,0.332943,1709.506742,20,0.002995,24,0.095891,0
mrchristwibowo,mrchristwibowo,,7,0.238266,0.246291,0,1,0,24,0.003937,0
JOINLampung,JOINLampung,,5,0.344424,0.370365,4573.202908,7,0,24,0.088191,0
Wes7919,Wes7919,,5,0.299503,0.318377,159.459153,3,0,4,0.033045,0
Oh_Ronald,Oh_Ronald,,5,0.345502,0.370038,2663.393151,13,0.003125,4,0.137891,0
elisa_jkt,elisa_jkt,,6,0.256883,0.266767,0,2,0,4,0.006626,0
BagusDenTea,BagusDenTea,,6,0.251805,0.26283,0,1,0,1,0.005133,0
ElangLuck,ElangLuck,,6,0.272802,0.286553,0,1,0,1,0.014818,0
denmas_bagus19,denmas_bagus19,,7,0.251805,0.259725,0,1,0,2,0.005096,0
ArfaWirahadi,ArfaWirahadi,,6,0.288545,0.305082,394.521215,3,0,16,0.039097,0
kpangeran,kpangeran,,6,0.310159,0.332113,16.209078,3,0,16,0.076724,0
DimasyFermana,DimasyFermana,,6,0.261599,0.271736,24.259416,3,0,2,0.008887,0
eddywae165,eddywae165,,6,0.307782,0.326189,98.325059,4,0,16,0.06391,0
Sholahuddinwah3,Sholahuddinwah3,,6,0.317593,0.337421,99.59203,4,0,1,0.070467,0
Natharin_S,Natharin_S,,6,0.330919,0.352415,623.00243,9,0,24,0.10937,0
pnj_tengkorak,pnj_tengkorak,,6,0.278361,0.291283,7.830398,2,0,19,0.015516,0
Vincent_Frizz,Vincent_Frizz,,6,0.316986,0.338352,2112.42681,11,0.002579,1,0.106678,0
Parapat_Nixon,Parapat_Nixon,,6,0.289934,0.303975,46.616678,3,0,3,0.025915,0
setkabgoid,setkabgoid,,6,0.279713,0.292843,18.687801,2,0,3,0.018483,0
kemendagri,kemendagri,,6,0.303829,0.320038,2217.191516,9,0,3,0.04142,0
lurah_Menteng,lurah_Menteng,,5,0.335783,0.356063,1881.199162,7,0,7,0.064308,0
BasukiBae,BasukiBae,,5,0.355038,0.37844,3026.764032,13,0.003118,3,0.146204,0
Takviri,Takviri,,6,0.267191,0.278277,78.61037,3,0,3,0.010777,0
LagiRASyaDruun,LagiRASyaDruun,,6,0.280423,0.292126,0,1,0,4,0.015672,0
CAHBREB37832484,CAHBREB37832484,,6,0.285807,0.29878,0,2,0,1,0.019452,0
manuel_agil,manuel_agil,,6,0.32168,0.346164,457.567637,11,0.003675,1,0.125885,0
YMakhas,YMakhas,,5,0.33409,0.356579,313.511773,12,0.003928,1,0.137057,0
japung1976,japung1976,,6,0.335019,0.362591,2066.379081,15,0.004793,1,0.160776,0
rudysound,rudysound,,5,0.326194,0.350415,1850.204793,12,0.003661,1,0.125507,0
naafi_al,naafi_al,,6,0.313387,0.335346,250.26788,10,0.003405,1,0.110144,0
Hasnizar13,Hasnizar13,,6,0.313387,0.335346,250.26788,10,0.003405,1,0.110144,0
hendrasofy,hendrasofy,,5,0.34282,0.367031,2484.148839,23,0.005915,1,0.175853,0
MilitanGL,MilitanGL,,6,0.313387,0.335346,250.26788,10,0.003405,1,0.110144,0
Natharin_love,Natharin_love,,6,0.326194,0.344541,602.579179,6,0,24,0.063237,0
ny_menir,ny_menir,,6,0.277255,0.289509,0,1,0,1,0.012957,0
yE_Nindya,yE_Nindya,,6,0.277255,0.289509,0,1,0,1,0.012957,0
OrlandoSL01,OrlandoSL01,,5,0.324596,0.345094,1063.396583,5,0,16,0.082118,0
4ntoniusC,4ntoniusC,,5,0.406691,0.450503,40630.129624,96,0.011862,14,0.603387,0
NadiaKu19,NadiaKu19,,6,0.310887,0.329346,348.364319,5,0,24,0.047992,0
Sibrn_Natharin,Sibrn_Natharin,,6,0.310377,0.329484,435.392082,7,0,24,0.054203,0
BadjaNuswantara,BadjaNuswantara,,6,0.323486,0.34317,2058.352296,7,0,19,0.073561,0
yudie_st,yudie_st,,5,0.369287,0.396189,4093.826804,25,0.004722,7,0.21197,0
trihidayati,trihidayati,,6,0.310159,0.332113,16.209078,3,0,16,0.076724,0
Siburian__,Siburian__,,6,0.308211,0.326277,22.678454,3,0,1,0.069427,0
Ariesf11,Ariesf11,,5,0.341319,0.363786,10560.377003,17,0.003211,3,0.110977,0
WiraPra98,WiraPra98,,6,0.296487,0.314289,23.430864,5,0,2,0.062333,0
ChristopWilliam,ChristopWilliam,,1,1,1,0,1,0,8,0.000419,0
sukrorun,sukrorun,,1,1,1,0,1,0,8,0.000419,0
PSimataraja,PSimataraja,,6,0.310159,0.332113,16.209078,3,0,16,0.076724,0
disneyfrozzeen,disneyfrozzeen,,6,0.313832,0.335195,460.530417,3,0,3,0.051486,0
nala_rinaldo,nala_rinaldo,,6,0.310159,0.332113,16.209078,3,0,16,0.076724,0
Natharin_Sibrn,Natharin_Sibrn,,6,0.310377,0.329119,333.292845,5,0,24,0.049022,0
PrasetyoEdi_,PrasetyoEdi_,,6,0.302166,0.319497,1385.000387,4,0,1,0.039207,0
enni_fa,enni_fa,,6,0.310159,0.332113,16.209078,3,0,16,0.076724,0
AtikahZahidah_,AtikahZahidah_,,6,0.27314,0.285686,0,1,0,7,0.011347,0
Natasyapp,Natasyapp,,6,0.310159,0.332113,16.209078,3,0,16,0.076724,0
nkripass,nkripass,,6,0.326838,0.344956,164.780015,6,0,7,0.085545,0
anhsw2,anhsw2,,5,0.33468,0.356579,3295.613439,6,0,16,0.108457,0
SondoroMusic,SondoroMusic,,6,0.250899,0.260239,1324,2,0,16,0.004518,0
radicaline,radicaline,,6,0.310159,0.332113,16.209078,3,0,16,0.076724,0
herugunadi,herugunadi,,6,0.310304,0.332616,1340.209078,4,0,16,0.07722,0
FIAFormulaE,FIAFormulaE,,7,0.236861,0.246435,0,1,0,16,0.003055,0
tyhon9,tyhon9,,6,0.305652,0.32522,3092.688982,11,0.002753,2,0.085609,0
KliWetan,KliWetan,,6,0.32168,0.344868,921.369129,7,0,13,0.080849,0
Ji3_RebOrn,Ji3_RebOrn,,7,0.23414,0.242322,0,1,0,2,0.003442,0
kianinara1,kianinara1,,6,0.352019,0.380717,5007.348249,22,0.005457,3,0.22519,0
katusba_news,katusba_news,,6,0.27314,0.285686,0,1,0,7,0.011347,0
IwanBorneo8,IwanBorneo8,,7,0.246328,0.256649,0,1,0,4,0.004658,0
ademahayani,ademahayani,,6,0.314055,0.33795,1587.601163,8,0,16,0.085295,0
milliyya,milliyya,,6,0.264155,0.274591,1554.890144,3,0,16,0.009243,0
PeciHitam7,PeciHitam7,,1,1,1,0,1,0,9,0.000419,0
DPDRI,DPDRI,,1,1,1,0,1,0,9,0.000419,0
Radonkblast,Radonkblast,,6,0.310159,0.332113,16.209078,3,0,16,0.076724,0
jurnalis_selow,jurnalis_selow,,6,0.272802,0.286553,0,1,0,1,0.014818,0
erickthohir,erickthohir,,7,0.24415,0.251152,0,1,0,19,0.002156,0
zhibung,zhibung,,6,0.335019,0.357686,2021.132765,20,0.003093,13,0.117108,0
rbygmntn,rbygmntn,,6,0.294772,0.312792,16.534995,5,0,13,0.054071,0
IgnasAribowo,IgnasAribowo,,6,0.294772,0.312792,16.534995,5,0,13,0.054071,0
Linkup_ID,Linkup_ID,,6,0.294772,0.312792,16.534995,5,0,13,0.054071,0
alva_roe_lee_,alva_roe_lee_,,6,0.313609,0.33522,1761.381547,8,0,13,0.078939,0
triajaaa,triajaaa,,6,0.331416,0.358528,2386.592116,13,0.0045,13,0.135779,0
silir_silir,silir_silir,,6,0.294772,0.312792,16.534995,5,0,13,0.054071,0
1blackcoffee888,1blackcoffee888,,6,0.294772,0.312792,16.534995,5,0,13,0.054071,0
tabascopepsauce,tabascopepsauce,,6,0.319585,0.342553,688.885776,6,0,13,0.077406,0
batikbuanik29,batikbuanik29,,6,0.294772,0.312792,16.534995,5,0,13,0.054071,0
nupedia_id,nupedia_id,,6,0.294772,0.312792,16.534995,5,0,13,0.054071,0
wangi_bhumi,wangi_bhumi,,6,0.294772,0.312792,16.534995,5,0,13,0.054071,0
asiapasific15,asiapasific15,,6,0.294772,0.312792,16.534995,5,0,13,0.054071,0
TriAgungWU07,TriAgungWU07,,6,0.266171,0.279283,49.298898,3,0,3,0.012688,0
Dwiyana_DKM,Dwiyana_DKM,,6,0.300522,0.319208,690.489041,8,0,3,0.044764,0
soehna,soehna,,6,0.310159,0.332113,16.209078,3,0,16,0.076724,0
arie_etica,arie_etica,,6,0.307996,0.330138,320.949251,6,0,2,0.075975,0
wilujeng2011,wilujeng2011,,6,0.310159,0.332113,16.209078,3,0,16,0.076724,0
sujarwo_anas,sujarwo_anas,,6,0.272802,0.286553,0,1,0,1,0.014818,0
AhmadMunif01,AhmadMunif01,,1,1,1,0,1,0,10,0.000419,0
alu_dra,alu_dra,,1,1,1,0,1,0,10,0.000419,0
Ronggolawe02,Ronggolawe02,,6,0.311691,0.332704,0,2,0,24,0.040979,0
pernahgaready_,pernahgaready_,,1,1,1,0,1,0,11,0.000419,0
Kemdikbud_RI,Kemdikbud_RI,,1,1,1,0,1,0,11,0.000419,0
Verrell19312082,Verrell19312082,,7,0.23414,0.242322,0,1,0,2,0.003442,0
duo_hh,duo_hh,,6,0.286486,0.29883,65.762949,2,0,19,0.015495,0
fieysaja,fieysaja,,6,0.310159,0.332113,16.209078,3,0,16,0.076724,0
__Jae82,__Jae82,,7,0.239559,0.247227,1328.90904,3,0,3,0.003304,0
arifz_tempo,arifz_tempo,,8,0.19329,0.19727,0,1,0,3,0.000574,0
Gerindra,Gerindra,,6,0.28072,0.292943,722.171136,2,0,3,0.016245,0
Kendepndeso,Kendepndeso,,6,0.283362,0.293686,0,2,0,3,0.01338,0
KaramoyCindy,KaramoyCindy,,2,0.666667,0.75,0,1,0,12,0.000514,0
lenovopoker,lenovopoker,,1,1,1,1,4,0,12,0.001363,0
CLenovopoker,CLenovopoker,,2,0.666667,0.75,0,1,0,12,0.000514,0
artiecpm,artiecpm,,6,0.310159,0.332113,16.209078,3,0,16,0.076724,0
RizalV4len,RizalV4len,,5,0.395286,0.429107,20755.27172,58,0.00953,24,0.424496,0
pw_eliza,pw_eliza,,7,0.251423,0.262447,0,1,0,24,0.006052,0
Onta_buluk,Onta_buluk,,5,0.372714,0.419182,39288.345831,97,0.004286,13,0.297861,0
eizanfolks,eizanfolks,,6,0.338355,0.364088,2237.017324,9,0,13,0.116639,0
BahriBpp,BahriBpp,,6,0.293531,0.31127,16.534995,4,0,13,0.049249,0
Msangidun1,Msangidun1,,6,0.293466,0.310893,15.011537,3,0,13,0.038605,0
petrux_92,petrux_92,,6,0.293531,0.31127,16.534995,4,0,13,0.049249,0
SangKelana_70,SangKelana_70,,6,0.293531,0.31127,16.534995,4,0,13,0.049249,0
MasBudiMM,MasBudiMM,,6,0.300249,0.319597,222.986434,5,0,13,0.054451,0
TheHell_4,TheHell_4,,6,0.293531,0.31127,16.534995,4,0,13,0.049249,0
CeciliaSuwanda1,CeciliaSuwanda1,,6,0.295891,0.314805,1542.995237,5,0,13,0.051399,0
tony_ghozalie,tony_ghozalie,,6,0.3053,0.325031,692.553404,5,0,13,0.055916,0
darmaadedama2,darmaadedama2,,6,0.293531,0.31127,16.534995,4,0,13,0.049249,0
Rusdirds1,Rusdirds1,,6,0.293531,0.31127,16.534995,4,0,13,0.049249,0
kuncoroxx56163,kuncoroxx56163,,6,0.293531,0.31127,16.534995,4,0,13,0.049249,0
rpanggahza,rpanggahza,,5,0.35647,0.383283,3337.464092,9,0,13,0.142099,0
oravit_page,oravit_page,,6,0.293531,0.31127,16.534995,4,0,13,0.049249,0
UstadGugel,UstadGugel,,6,0.305793,0.328189,427.750459,5,0,13,0.062891,0
ErikIlyas1,ErikIlyas1,,6,0.298827,0.317145,153.26231,4,0,13,0.046829,0
DeHoutman7,DeHoutman7,,6,0.298088,0.315182,220.098473,4,0,13,0.039976,0
YNHallak,YNHallak,,6,0.288797,0.309535,240.045913,3,0,13,0.037105,0
FeaturesLive,FeaturesLive,,6,0.271628,0.286742,0,2,0,13,0.023463,0
Dsangg77,Dsangg77,,6,0.271628,0.286742,0,2,0,13,0.023463,0
jeanne_id,jeanne_id,,6,0.271628,0.286742,0,2,0,13,0.023463,0
dparamita1,dparamita1,,6,0.271628,0.286742,0,2,0,13,0.023463,0
JemiAhmad,JemiAhmad,,6,0.290953,0.309082,262.918317,4,0,7,0.036299,0
agusPedro20,agusPedro20,,6,0.271628,0.286742,0,2,0,13,0.023463,0
tyosulist2005,tyosulist2005,,6,0.271628,0.286742,0,2,0,13,0.023463,0
wantahgdn,wantahgdn,,6,0.28556,0.302113,46.153718,3,0,13,0.028945,0
AstieNna,AstieNna,,6,0.271628,0.286742,0,2,0,13,0.023463,0
badrus445544,badrus445544,,6,0.271628,0.286742,0,2,0,13,0.023463,0
publik_com,publik_com,,6,0.271628,0.286742,0,2,0,13,0.023463,0
hputrantoadi,hputrantoadi,,6,0.271628,0.286742,0,2,0,13,0.023463,0
gus_pran,gus_pran,,6,0.271628,0.286742,0,2,0,13,0.023463,0
Hyderoom86,Hyderoom86,,6,0.271628,0.286742,0,2,0,13,0.023463,0
ngatmow,ngatmow,,7,0.258033,0.267491,0,1,0,3,0.007094,0
CNNIndonesia,CNNIndonesia,,6,0.347678,0.372503,3344.199608,17,0.004577,3,0.200514,0
bulunangko,bulunangko,,6,0.315476,0.339572,570.69731,8,0,3,0.097045,0
efatagloria,efatagloria,,6,0.271628,0.286742,0,2,0,13,0.023463,0
akun_boso2,akun_boso2,,6,0.271628,0.286742,0,2,0,13,0.023463,0
BarathaAtmadja,BarathaAtmadja,,6,0.271628,0.286742,0,2,0,13,0.023463,0
gwendiamond_,gwendiamond_,,6,0.271628,0.286742,0,2,0,13,0.023463,0
reandrena,reandrena,,6,0.271628,0.286742,0,2,0,13,0.023463,0
Delpiero_2006,Delpiero_2006,,6,0.271628,0.286742,0,2,0,13,0.023463,0
Ken2steve,Ken2steve,,6,0.271628,0.286742,0,2,0,13,0.023463,0
sunny_daay,sunny_daay,,6,0.271628,0.286742,0,2,0,13,0.023463,0
Staloving,Staloving,,6,0.271628,0.286742,0,2,0,13,0.023463,0
SeptiaLia3,SeptiaLia3,,6,0.271628,0.286742,0,2,0,13,0.023463,0
P121G,P121G,,6,0.289175,0.307736,8246.45585,12,0.00189,19,0.03789,0
JsDeyz,JsDeyz,,7,0.224348,0.232296,0,1,0,19,0.001923,0
Linuxer,Linuxer,,6,0.310159,0.332113,16.209078,3,0,16,0.076724,0
JOKER_JJ_JOKER,JOKER_JJ_JOKER,,6,0.316003,0.338063,483.699147,6,0,13,0.080073,0
zammysixx,zammysixx,,6,0.316003,0.338063,483.699147,6,0,13,0.080073,0
Vcky78120037,Vcky78120037,,6,0.271628,0.286742,0,2,0,13,0.023463,0
HKTIndonesia,HKTIndonesia,,6,0.290953,0.309082,262.918317,4,0,7,0.036299,0
il_dewie,il_dewie,,6,0.317593,0.337447,3035.467033,7,0,4,0.057879,0
SeeHandy,SeeHandy,,6,0.271628,0.286742,0,2,0,13,0.023463,0
dfajry01,dfajry01,,6,0.271628,0.286742,0,2,0,13,0.023463,0
KangSabar19,KangSabar19,,5,0.376527,0.406792,6482.843358,36,0.006742,16,0.344735,0
HKTIsamarinda,HKTIsamarinda,,6,0.301479,0.320428,324.923356,5,0,7,0.054464,0
HarizadiA,HarizadiA,,6,0.291915,0.308503,1.045488,3,0,13,0.041628,0
Sam_d04nk,Sam_d04nk,,6,0.291915,0.308503,1.045488,3,0,13,0.041628,0
GrbToni,GrbToni,,6,0.291915,0.308503,1.045488,3,0,13,0.041628,0
BungRizal9,BungRizal9,,6,0.332998,0.357975,1873.066789,7,0,13,0.090474,0
orangdesadamai,orangdesadamai,,6,0.336465,0.361321,1396.261492,8,0,13,0.106271,0
TwitnyaV,TwitnyaV,,6,0.291915,0.308503,1.045488,3,0,13,0.041628,0
ridwan0726,ridwan0726,,6,0.291915,0.308503,1.045488,3,0,13,0.041628,0
MilaFaulia_98,MilaFaulia_98,,6,0.366326,0.394956,11215.548827,32,0.005821,24,0.231511,0
ClariceWijaya,ClariceWijaya,,6,0.291915,0.308503,1.045488,3,0,13,0.041628,0
M03rTriyadi,M03rTriyadi,,6,0.291915,0.308503,1.045488,3,0,13,0.041628,0
sistenol,sistenol,,6,0.291915,0.308503,1.045488,3,0,13,0.041628,0
Dagmed3,Dagmed3,,6,0.291915,0.308503,1.045488,3,0,13,0.041628,0
Nouna_jessica94,Nouna_jessica94,,6,0.34362,0.371597,3409.116687,17,0.004563,2,0.162002,0
rsdnetid,rsdnetid,,6,0.274214,0.290478,0,2,0,13,0.02044,0
cuncunajaxezar,cuncunajaxezar,,6,0.31897,0.340214,727.364197,7,0,2,0.082773,0
L30_4djie,L30_4djie,,6,0.274214,0.290478,0,2,0,13,0.02044,0
DharmawatiNanik,DharmawatiNanik,,6,0.31413,0.335975,487.049962,5,0,3,0.058885,0
kadrun77853825,kadrun77853825,,6,0.274214,0.290478,0,2,0,13,0.02044,0
yana_udiyatna,yana_udiyatna,,6,0.313907,0.336868,545.191691,4,0,13,0.048977,0
BusroWidodo,BusroWidodo,,6,0.274214,0.290478,0,2,0,13,0.02044,0
Mahrus30127858,Mahrus30127858,,6,0.31897,0.340214,727.364197,7,0,2,0.082773,0
DaDer71,DaDer71,,6,0.274214,0.290478,0,2,0,13,0.02044,0
arma_arif,arma_arif,,6,0.274214,0.290478,0,2,0,13,0.02044,0
dianPer00450521,dianPer00450521,,6,0.271572,0.286365,0,1,0,13,0.012819,0
RoyPpkl,RoyPpkl,,6,0.274214,0.290478,0,2,0,13,0.02044,0
rudolf_puspa,rudolf_puspa,,6,0.310159,0.332113,16.209078,3,0,16,0.076724,0
indahnuria,indahnuria,,6,0.310159,0.332113,16.209078,3,0,16,0.076724,0
bhre_wengker84,bhre_wengker84,,6,0.307211,0.329132,1232.641074,3,0,16,0.039982,0
DediTeulih2016,DediTeulih2016,,6,0.246008,0.255686,0,1,0,1,0.004672,0
SD197081,SD197081,,6,0.273591,0.28605,111.79948,2,0,3,0.014052,0
Mbd50271,Mbd50271,,6,0.301273,0.318189,17.794707,2,0,24,0.029666,0
MigaWempy,MigaWempy,,6,0.341935,0.367799,1926.348857,16,0.004783,24,0.175358,0
smile_guys,smile_guys,,6,0.289554,0.30556,154.601753,3,0,14,0.03164,0
YohanesPatty2,YohanesPatty2,,6,0.276907,0.290566,28.407004,2,0,14,0.017187,0
RamaKalonk,RamaKalonk,,6,0.310159,0.332113,16.209078,3,0,16,0.076724,0
Appaayipyip,Appaayipyip,,6,0.310159,0.332113,16.209078,3,0,16,0.076724,0
LaylaPutriMaha1,LaylaPutriMaha1,,6,0.270629,0.282038,0,1,0,4,0.011445,0
bakuLideran,bakuLideran,,6,0.306784,0.32473,428.091362,10,0.00238,19,0.061249,0
pria1985,pria1985,,6,0.310159,0.332113,16.209078,3,0,16,0.076724,0
akunrec09153247,akunrec09153247,,7,0.244872,0.255378,0,1,0,19,0.004448,0
2019Pilatus,2019Pilatus,,6,0.276676,0.292327,5615.022761,8,0,19,0.026879,0
mohmahfudmd,mohmahfudmd,,6,0.250852,0.258906,23.41837,2,0,19,0.003687,0
KemenkeuRI,KemenkeuRI,,7,0.216751,0.223806,0,1,0,19,0.001441,0
sahabatICW,sahabatICW,,7,0.216751,0.223806,0,1,0,19,0.001441,0
MetroTVNewsRoom,MetroTVNewsRoom,,7,0.216751,0.223806,0,1,0,19,0.001441,0
hariankompas,hariankompas,,7,0.216751,0.223806,0,1,0,19,0.001441,0
BatikRiwa,BatikRiwa,,7,0.279536,0.294435,0,2,0,7,0.02082,0
Rasheed_inn,Rasheed_inn,,6,0.298491,0.314616,1324,2,0,3,0.032696,0
SenatorJakarta,SenatorJakarta,,7,0.229915,0.237033,0,1,0,3,0.001466,0
Rizal_Valen76,Rizal_Valen76,,6,0.336465,0.364075,3601.843594,21,0.004876,24,0.145669,0
kompascom,kompascom,,6,0.341055,0.366453,955.479482,17,0.004552,24,0.212826,0
WartaEkonomi,WartaEkonomi,,6,0.338269,0.361761,346.624916,12,0.003791,24,0.169139,0
infojakarta,infojakarta,,6,0.338269,0.361761,346.624916,12,0.003791,24,0.169139,0
liputan6dotcom,liputan6dotcom,,6,0.338269,0.361761,346.624916,12,0.003791,24,0.169139,0
jpnncom,jpnncom,,6,0.338269,0.361761,346.624916,12,0.003791,24,0.169139,0
abiarsaumar,abiarsaumar,,5,0.320126,0.343535,140.150057,4,0,16,0.090198,0
hidayat_y28,hidayat_y28,,5,0.329848,0.350956,35.840056,6,0,16,0.090765,0
Samiwa12,Samiwa12,,6,0.29185,0.304553,48.311581,4,0,16,0.029853,0
triastralala,triastralala,,1,1,1,0,1,0,15,0.000419,0
GrabID,GrabID,,1,1,1,0,1,0,15,0.000419,0
Black_lleviant,Black_lleviant,,5,0.407066,0.439925,24241.588469,47,0.007412,16,0.395688,0
PT_Transjakarta,PT_Transjakarta,,6,0.329193,0.347673,140.276053,8,0,16,0.11322,0
Liyanto08269203,Liyanto08269203,,6,0.282275,0.297786,34.592062,2,0,1,0.023748,0
PijatProfesion2,PijatProfesion2,,1,1,1,3,3,0,17,0.001272,0
InfoKRL,InfoKRL,,2,0.6,0.666667,0,1,0,17,0.000509,0
PTKAI,PTKAI,,2,0.6,0.666667,0,1,0,17,0.000509,0
HeritagePTKAI,HeritagePTKAI,,2,0.6,0.666667,0,1,0,17,0.000509,0
EdhiLmg,EdhiLmg,,6,0.274214,0.28878,0,1,0,2,0.017384,0
siskapurnama99,siskapurnama99,,6,0.288923,0.306591,5293.364655,6,0,3,0.040334,0
CureIndie,CureIndie,,7,0.270133,0.28246,0,1,0,4,0.014153,0
HadiYus11657592,HadiYus11657592,,7,0.270133,0.28246,0,1,0,4,0.014153,0
GelasKlasik,GelasKlasik,,7,0.224196,0.23204,0,1,0,3,0.001808,0
ariaaput,ariaaput,,7,0.224196,0.23204,0,1,0,3,0.001808,0
kakak_zack,kakak_zack,,7,0.224196,0.23204,0,1,0,3,0.001808,0
LaurensioAbram,LaurensioAbram,,7,0.224196,0.23204,0,1,0,3,0.001808,0
Cici_santik,Cici_santik,,6,0.309869,0.331421,2.220623,2,0,16,0.064747,0
rubiavianto,rubiavianto,,5,0.371565,0.397774,5906.036752,32,0.007672,2,0.315886,0
AnaSulistyowa13,AnaSulistyowa13,,6,0.325553,0.344553,237.354322,11,0.00303,3,0.138561,0
Gioboss6,Gioboss6,,6,0.270961,0.280101,0,1,0,2,0.011117,0
caktegoeh,caktegoeh,,5,0.334934,0.36083,2392.377119,9,0,16,0.124378,0
LilPrincessW,LilPrincessW,,6,0.310159,0.332113,16.209078,3,0,16,0.076724,0
Mi9aWempy,Mi9aWempy,,6,0.355705,0.37883,7796.226824,27,0.005428,24,0.208783,0
AristonoHerawan,AristonoHerawan,,6,0.324437,0.345132,3577.492474,9,0,24,0.086378,0
AnonymCA07,AnonymCA07,,6,0.285008,0.298755,54.52975,5,0,4,0.031064,0
Raj4Purwa,Raj4Purwa,,6,0.313239,0.335585,426.283128,11,0.002776,4,0.113497,0
harimacang,harimacang,,6,0.327241,0.344377,2486.82993,6,0,19,0.053107,0
databudi,databudi,,6,0.310159,0.332113,16.209078,3,0,16,0.076724,0
KowSape,KowSape,,7,0.246603,0.25368,0,1,0,19,0.002246,0
MahesaTiwi,MahesaTiwi,,6,0.280423,0.292126,0,1,0,4,0.015672,0
liaaa_mg700,liaaa_mg700,,6,0.280423,0.292126,0,1,0,4,0.015672,0
Lidabasah,Lidabasah,,6,0.28312,0.295824,21.342305,2,0,3,0.021198,0
AdaCeuceu,AdaCeuceu,,6,0.280423,0.292126,0,1,0,4,0.015672,0
CcolombusIrwan,CcolombusIrwan,,1,1,1,0,1,0,18,0.000419,0
CepatResponJKT,CepatResponJKT,,1,1,1,0,1,0,18,0.000419,0
Emmy8412,Emmy8412,,6,0.278771,0.291572,128.47946,4,0,19,0.016742,0
Criztx,Criztx,,6,0.317822,0.337195,372.516259,6,0,16,0.059738,0
PKSejahtera,PKSejahtera,,6,0.280423,0.292126,0,1,0,4,0.015672,0
shinichikudo991,shinichikudo991,,6,0.280423,0.292126,0,1,0,4,0.015672,0
03__nakula,03__nakula,,6,0.295693,0.311472,31.524566,2,0,4,0.031413,0
P3nj3l4j4h_id,P3nj3l4j4h_id,,6,0.280423,0.292126,0,1,0,4,0.015672,0
woelannnn,woelannnn,,6,0.304808,0.321006,68.015245,3,0,19,0.038845,0
zapoeroceh,zapoeroceh,,6,0.310159,0.332113,16.209078,3,0,16,0.076724,0
sbn_bejoo,sbn_bejoo,,7,0.258789,0.269907,1329.343953,4,0,2,0.011886,0
ErsatKera,ErsatKera,,8,0.205618,0.211013,0,1,0,2,0.000857,0
Aareuyan,Aareuyan,,1,1,1,0,1,0,20,0.000419,0
Aniesbaswedan,Aniesbaswedan,,1,1,1,0,1,0,20,0.000419,0
gita51226,gita51226,,5,0.3192,0.347182,3717.452186,34,0.006146,24,0.20572,0
AdiAwk,AdiAwk,,6,0.274214,0.28878,0,1,0,2,0.017384,0
Kakek_G4ul,Kakek_G4ul,,5,0.346677,0.376101,8499.11476,27,0.002924,7,0.136472,0
DPanarero,DPanarero,,6,0.310159,0.332113,16.209078,3,0,16,0.076724,0
MrsRachelIn,MrsRachelIn,,6,0.268382,0.280164,38.8203,3,0,19,0.011427,0
FaGtng,FaGtng,,5,0.344603,0.365547,527.241313,8,0,14,0.099975,0
kuterculik,kuterculik,,6,0.310159,0.332113,16.209078,3,0,16,0.076724,0
Apriil68,Apriil68,,6,0.314428,0.334818,91.36648,4,0,19,0.077182,0
Darmalik3,Darmalik3,,6,0.275353,0.288415,0,1,0,14,0.015741,0
PointBroo,PointBroo,,6,0.313239,0.335182,479.16853,4,0,16,0.069231,0
masbarno,masbarno,,5,0.323092,0.348013,4024.815433,10,0.002113,16,0.098215,0
alpin_aktam18,alpin_aktam18,,6,0.244285,0.254843,0,2,0,16,0.006606,0
rizski_ramadhan,rizski_ramadhan,,1,1,1,0,1,0,21,0.000419,0
ancoltmnimpian,ancoltmnimpian,,1,1,1,0,1,0,21,0.000419,0
SenoajiKresna,SenoajiKresna,,7,0.244465,0.252548,0,1,0,19,0.002919,0
ridwankamil,ridwankamil,,6,0.285253,0.296428,22.664736,4,0,19,0.021238,0
EevoelBahri,EevoelBahri,,6,0.270629,0.282038,0,1,0,4,0.011445,0
simon_tambun,simon_tambun,,5,0.403594,0.437057,21172.260757,50,0.009407,3,0.406427,0
Ngancel45,Ngancel45,,5,0.384504,0.41117,4327.452587,28,0.007148,4,0.307386,0
pcgbanjarasli,pcgbanjarasli,,6,0.310014,0.328553,144.68215,7,0,19,0.063717,0
gunoto777,gunoto777,,6,0.296487,0.314289,23.430864,5,0,2,0.062333,0
BudiatnoGomarus,BudiatnoGomarus,,6,0.275353,0.288415,0,1,0,14,0.015741,0
yupato,yupato,,5,0.312869,0.335962,118.693518,2,0,1,0.052253,0
charlesgultom11,charlesgultom11,,6,0.310159,0.332113,16.209078,3,0,16,0.076724,0
verariliantys,verariliantys,,6,0.304108,0.325409,0,1,0,16,0.037435,0
Arjuna12346,Arjuna12346,,2,0.666667,0.75,0,1,0,22,0.000464,0
wacana_18,wacana_18,,1,1,1,1,2,0,22,0.000843,0
tanasil30,tanasil30,,6,0.310159,0.332113,16.209078,3,0,16,0.076724,0
SeijiNobel,SeijiNobel,,6,0.304108,0.325409,0,1,0,16,0.037435,0
mimihermanto974,mimihermanto974,,6,0.280186,0.295509,0,1,0,3,0.021983,0
Edwinbalox_69,Edwinbalox_69,,6,0.314055,0.338654,845.402415,20,0.003214,24,0.129652,0
R036_,R036_,,6,0.313981,0.334302,156.66256,8,0,24,0.111098,0
Maranatha_Sibrn,Maranatha_Sibrn,,6,0.330177,0.355509,500.153372,10,0.003447,24,0.138178,0
Suryo52573671,Suryo52573671,,6,0.309797,0.332843,150.375445,8,0,24,0.081708,0
anamkoplak,anamkoplak,,6,0.309797,0.332843,150.375445,8,0,24,0.081708,0
prjokow,prjokow,,6,0.309797,0.332843,150.375445,8,0,24,0.081708,0
q___kecil,q___kecil,,6,0.309797,0.332843,150.375445,8,0,24,0.081708,0
hers_coffee,hers_coffee,,6,0.309797,0.332843,150.375445,8,0,24,0.081708,0
Sapto__Nugroho,Sapto__Nugroho,,6,0.309797,0.332843,150.375445,8,0,24,0.081708,0
AntoniusKamagi,AntoniusKamagi,,6,0.309797,0.332843,150.375445,8,0,24,0.081708,0
NdaomanuCha,NdaomanuCha,,6,0.309507,0.332151,120.089093,7,0,24,0.077771,0
gitobara,gitobara,,6,0.308498,0.331182,111.249697,7,0,24,0.074083,0
RomoBono,RomoBono,,6,0.349881,0.373396,677.24255,15,0.004824,24,0.157805,0
Hariyanto152,Hariyanto152,,6,0.309797,0.332843,150.375445,8,0,24,0.081708,0
storybucines,storybucines,,1,1,1,1,2,0,23,0.000843,0
KomikFaktap,KomikFaktap,,2,0.666667,0.75,0,1,0,23,0.000464,0
tahilalats,tahilalats,,2,0.666667,0.75,0,1,0,23,0.000464,0
Ninaind,Ninaind,,5,0.321836,0.344956,332.23093,3,0,4,0.063698,0
KelonMas,KelonMas,,6,0.310159,0.332113,16.209078,3,0,16,0.076724,0
poldametrojaya,poldametrojaya,,6,0.314204,0.330654,4.721958,3,0,3,0.058865,0
abrahamnurcahyo,abrahamnurcahyo,,7,0.274157,0.286548,0,1,0,4,0.014475,0
AcenkMank,AcenkMank,,6,0.272915,0.287057,1324,2,0,1,0.015253,0
_Bulan_Separuh,_Bulan_Separuh,,7,0.214436,0.221078,0,1,0,1,0.000932,0
papahgemez,papahgemez,,6,0.310159,0.332113,16.209078,3,0,16,0.076724,0
cecile2771,cecile2771,,6,0.296487,0.314289,23.430864,5,0,2,0.062333,0
Pyuwpangfay_,Pyuwpangfay_,,6,0.310159,0.332113,16.209078,3,0,16,0.076724,0
FoerQoen,FoerQoen,,5,0.411619,0.467975,100589.168534,144,0.012132,24,0.604806,0
hamka_sutra,hamka_sutra,,6,0.313239,0.333396,60.862219,4,0,24,0.052198,0
sbn_yanto,sbn_yanto,,6,0.318051,0.336503,220.204948,7,0,3,0.109882,0
Ilhamcorleone31,Ilhamcorleone31,,1,1,1,0,1,0,25,0.000419,0
SINDOnews,SINDOnews,,1,1,1,0,1,0,25,0.000419,0
arga_zr,arga_zr,,6,0.281615,0.297094,53.258965,2,0,1,0.019951,0
Yos_Apry,Yos_Apry,,7,0.257132,0.268208,0,1,0,4,0.009908,0
rs1m01976,rs1m01976,,6,0.310159,0.332113,16.209078,3,0,16,0.076724,0
Retno40667961,Retno40667961,,6,0.272802,0.286553,0,1,0,1,0.014818,0
7Kata,7Kata,,2,0.666667,0.75,0,1,0,22,0.000464,0
denikov,denikov,,6,0.3125,0.330541,768.102331,4,0,19,0.037485,0
PUTRINAMAKU78,PUTRINAMAKU78,,6,0.309507,0.329447,100.525723,4,0,24,0.050927,0
Jo_dohku,Jo_dohku,,6,0.291657,0.308314,0,1,0,24,0.023336,0
FloraSafira,FloraSafira,,6,0.291657,0.308314,0,1,0,24,0.023336,0
Anindhita01,Anindhita01,,6,0.291657,0.308314,0,1,0,24,0.023336,0
ekoesnadi,ekoesnadi,,6,0.291657,0.308314,0,1,0,24,0.023336,0
audryl1,audryl1,,6,0.291657,0.308314,0,1,0,24,0.023336,0
ChantiqueTiyara,ChantiqueTiyara,,6,0.319123,0.34034,485.910462,5,0,24,0.057691,0
kayand143,kayand143,,6,0.316456,0.337849,488.931797,5,0,24,0.057594,0
wiwikherma,wiwikherma,,6,0.310668,0.328453,59.655501,4,0,4,0.041311,0
Araaraa_ra,Araaraa_ra,,6,0.317822,0.339006,150.902416,4,0,3,0.06178,0
i_luckypeople,i_luckypeople,,7,0.212238,0.218327,1324,2,0,3,0.001342,0
wahhabicc_jabar,wahhabicc_jabar,,8,0.175102,0.178578,0,1,0,3,0.000481,0
dee_Walix999,dee_Walix999,,5,0.316229,0.340075,392.668612,5,0,1,0.063397,0
elokpri,elokpri,,6,0.310159,0.332113,16.209078,3,0,16,0.076724,0
Carlie20791167,Carlie20791167,,6,0.310159,0.332113,16.209078,3,0,16,0.076724,0
dewikstp,dewikstp,,6,0.310814,0.327107,107.248407,5,0,7,0.055101,0
redsuitee,redsuitee,,6,0.310159,0.332113,16.209078,3,0,16,0.076724,0
saya_AAL,saya_AAL,,6,0.287606,0.298692,0,1,0,3,0.014515,0
IskaBianconeRi,IskaBianconeRi,,6,0.310159,0.332113,16.209078,3,0,16,0.076724,0
farezmaull,farezmaull,,6,0.310159,0.332113,16.209078,3,0,16,0.076724,0
OkieNoor,OkieNoor,,6,0.310159,0.332113,16.209078,3,0,16,0.076724,0
1979_khairul,1979_khairul,,5,0.358205,0.38234,3186.25879,8,0,16,0.100961,0
NilaKencana8,NilaKencana8,,6,0.292043,0.305296,98.466461,3,0,19,0.021992,0
bahrudin31,bahrudin31,,5,0.295759,0.316214,125.338214,12,0.003883,24,0.111617,0
HermantoBenkz,HermantoBenkz,,6,0.282456,0.299824,5420.200103,6,0,26,0.024738,0
santripanglima,santripanglima,,7,0.267245,0.281806,301.107896,2,0,26,0.014971,0
AhmadRivai781,AhmadRivai781,,5,0.318204,0.342541,1518.679051,4,0,1,0.06689,0
anisbaswedan,anisbaswedan,,6,0.241436,0.251711,0,1,0,1,0.002668,0
BudiSusanto006,BudiSusanto006,,6,0.310159,0.332113,16.209078,3,0,16,0.076724,0
herlinimelda,herlinimelda,,6,0.310159,0.332113,16.209078,3,0,16,0.076724,0
AlainSchmidt4,AlainSchmidt4,,7,0.220283,0.228122,0,1,0,26,0.001329,0
sii_HENDRA,sii_HENDRA,,7,0.220283,0.228122,0,1,0,26,0.001329,0
Tattyandra,Tattyandra,,7,0.220283,0.228122,0,1,0,26,0.001329,0
DjanChoek,DjanChoek,,7,0.220283,0.228122,0,1,0,26,0.001329,0
aden_nyoto,aden_nyoto,,7,0.270133,0.28246,0,1,0,4,0.014153,0
ellina_huang,ellina_huang,,6,0.310159,0.332113,16.209078,3,0,16,0.076724,0
FajarPu96613947,FajarPu96613947,,6,0.304108,0.325409,0,1,0,16,0.037435,0
Sylviaangela6,Sylviaangela6,,6,0.310159,0.332428,1484.833453,4,0,16,0.066182,0
maskusumo,maskusumo,,6,0.289617,0.300994,15.764011,2,0,16,0.016878,0
msaid_didu,msaid_didu,,7,0.236776,0.246334,0,1,0,16,0.002663,0
harri_bohemia,harri_bohemia,,1,1,1,0,1,0,27,0.000419,0
RAISYAELBIX1,RAISYAELBIX1,,1,1,1,0,1,0,27,0.000419,0
T4ngDoesn,T4ngDoesn,,5,0.374294,0.40673,9387.560632,43,0.009343,1,0.348771,0
NasDem,NasDem,,6,0.27241,0.283635,0,1,0,1,0.012459,0
GangsarEka,GangsarEka,,6,0.304108,0.325409,0,1,0,16,0.037435,0
Indonesi1aTimur,Indonesi1aTimur,,6,0.297686,0.316113,40.93934,4,0,24,0.037405,0
Egha_Soft,Egha_Soft,,6,0.32716,0.347925,249.49356,6,0,2,0.085668,0
KartelEgo,KartelEgo,,6,0.352863,0.376679,1767.413755,17,0.004856,4,0.182359,0
AliObeng,AliObeng,,6,0.291657,0.308314,0,1,0,24,0.023336,0
destiayuliani2,destiayuliani2,,6,0.291657,0.308314,0,1,0,24,0.023336,0
claraaasheilla,claraaasheilla,,6,0.291657,0.308314,0,1,0,24,0.023336,0
yudi_linglung,yudi_linglung,,6,0.291657,0.308314,0,1,0,24,0.023336,0
SonBanin,SonBanin,,6,0.291657,0.308314,0,1,0,24,0.023336,0
Ma_sumJW,Ma_sumJW,,6,0.32716,0.347925,249.49356,6,0,2,0.085668,0
yulianabelaaa,yulianabelaaa,,6,0.298088,0.316239,122.956621,4,0,24,0.036991,0
vheyvheey,vheyvheey,,6,0.291657,0.308314,0,1,0,24,0.023336,0
ndbiring2,ndbiring2,,6,0.291657,0.308314,0,1,0,24,0.023336,0
prasticaginan,prasticaginan,,6,0.296421,0.314742,49.719924,2,0,24,0.028537,0
WLenke,WLenke,,6,0.291657,0.308314,0,1,0,24,0.023336,0
Sofianasution1,Sofianasution1,,6,0.291657,0.308314,0,1,0,24,0.023336,0
arillavarendra,arillavarendra,,7,0.224348,0.232296,0,1,0,19,0.001923,0
titikjenuh12,titikjenuh12,,7,0.224348,0.232296,0,1,0,19,0.001923,0
Suara_Bawah,Suara_Bawah,,6,0.260981,0.270566,47.399595,2,0,19,0.006299,0
udahhlewat,udahhlewat,,7,0.274157,0.286548,0,1,0,4,0.014475,0
Fishiesiikan,Fishiesiikan,,6,0.266653,0.278818,13.471673,2,0,4,0.01298,0
AgusSal52,AgusSal52,,6,0.309942,0.331799,2.220623,3,0,16,0.068215,0
baby_alien28,baby_alien28,,5,0.324596,0.345094,1063.396583,5,0,16,0.082118,0
Satupriodelagi,Satupriodelagi,,6,0.3125,0.334252,31.503119,4,0,16,0.080522,0
merbabumerapi1,merbabumerapi1,,6,0.325793,0.344767,186.484527,12,0.0038,4,0.130881,0
Aan__coverBOYkw,Aan__coverBOYkw,,5,0.358011,0.381887,340.103851,22,0.006322,4,0.255987,0
grace_vies,grace_vies,,6,0.318127,0.340943,134.814683,13,0.00401,4,0.156969,0
Lumbalaut1,Lumbalaut1,,6,0.318127,0.340943,134.814683,13,0.00401,4,0.156969,0
loan_don,loan_don,,6,0.318127,0.340943,134.814683,13,0.00401,4,0.156969,0
NovietaSuyoso,NovietaSuyoso,,5,0.358011,0.381887,340.103851,22,0.006322,4,0.255987,0
Gus_Raharjo,Gus_Raharjo,,6,0.318127,0.340943,134.814683,13,0.00401,4,0.156969,0
fadlizon,fadlizon,,6,0.303551,0.321711,27.347587,3,0,24,0.059896,0
iina_surbakti,iina_surbakti,,6,0.304108,0.325409,0,1,0,16,0.037435,0
YapCasanova,YapCasanova,,7,0.244872,0.255378,0,1,0,19,0.004448,0
judiono1772,judiono1772,,6,0.310159,0.332113,16.209078,3,0,16,0.076724,0
RonaldLampard8,RonaldLampard8,,6,0.300385,0.32039,178.85935,5,0,19,0.050502,0
Siswaji9,Siswaji9,,6,0.310159,0.332113,16.209078,3,0,16,0.076724,0
nata_gerrard,nata_gerrard,,6,0.310159,0.332113,16.209078,3,0,16,0.076724,0
dizah_elegant,dizah_elegant,,6,0.310159,0.332113,16.209078,3,0,16,0.076724,0
dianpurnomo,dianpurnomo,,6,0.310159,0.332113,16.209078,3,0,16,0.076724,0
urdaisydose,urdaisydose,,6,0.309869,0.331421,2.220623,2,0,16,0.064747,0
kundraism,kundraism,,6,0.310159,0.332113,16.209078,3,0,16,0.076724,0
novian_sp,novian_sp,,6,0.310159,0.332113,16.209078,3,0,16,0.076724,0
GIRICahyono4,GIRICahyono4,,6,0.333166,0.357535,1317.669379,29,0.005761,24,0.201888,0
AqsaRhipin,AqsaRhipin,,6,0.318051,0.340566,115.838553,12,0.00374,4,0.152266,0
ba_ger91,ba_ger91,,6,0.293596,0.312428,221.674444,6,0,3,0.049597,0
Bams_1eng,Bams_1eng,,6,0.279595,0.295107,15.713311,3,0,1,0.02526,0
wienbs,wienbs,,6,0.310159,0.332113,16.209078,3,0,16,0.076724,0
PartaiSocmed,PartaiSocmed,,6,0.268056,0.278189,0,1,0,4,0.007567,0
lilieaby,lilieaby,,6,0.310159,0.332113,16.209078,3,0,16,0.076724,0
yan1raffa,yan1raffa,,6,0.298222,0.318755,14139.115459,16,0.001713,4,0.039981,0
rimba_ari_purba,rimba_ari_purba,,7,0.229756,0.238279,0,1,0,4,0.00215,0
Alexdanco06,Alexdanco06,,7,0.229756,0.238279,0,1,0,4,0.00215,0
markuriusabedne,markuriusabedne,,7,0.229756,0.238279,0,1,0,4,0.00215,0
Noegraha_AB,Noegraha_AB,,7,0.229756,0.238279,0,1,0,4,0.00215,0
wiwidwicaksana,wiwidwicaksana,,7,0.229756,0.238279,0,1,0,4,0.00215,0
j4k4permana,j4k4permana,,6,0.313165,0.338403,3877.331159,15,0.00368,4,0.101933,0
KoBeloek,KoBeloek,,7,0.229756,0.238279,0,1,0,4,0.00215,0
Ngk0ng__R__R,Ngk0ng__R__R,,7,0.229756,0.238279,0,1,0,4,0.00215,0
telor__ceplok__,telor__ceplok__,,7,0.229756,0.238279,0,1,0,4,0.00215,0
cecepsuherman72,cecepsuherman72,,7,0.229756,0.238279,0,1,0,4,0.00215,0
cemarapacet,cemarapacet,,7,0.229756,0.238279,0,1,0,4,0.00215,0
Butet_Nakal,Butet_Nakal,,7,0.236776,0.246203,22.145602,2,0,4,0.003261,0
Dirgantara003,Dirgantara003,,5,0.377278,0.404164,10293.449002,26,0.004668,19,0.198634,0
MrPompom7,MrPompom7,,6,0.273987,0.283572,0,1,0,19,0.007433,0
emiliakoma,emiliakoma,,6,0.348226,0.366667,1915.251701,10,0.003239,2,0.12857,0
FMBaJa,FMBaJa,,6,0.310159,0.332113,16.209078,3,0,16,0.076724,0
_bhendhoL,_bhendhoL,,6,0.345322,0.36878,1413.186566,13,0.004009,3,0.145447,0
WujudUtomo,WujudUtomo,,7,0.263106,0.275064,1332.498327,3,0,2,0.012052,0
RonnyYulianto7,RonnyYulianto7,,8,0.208333,0.214175,0,1,0,2,0.00083,0
Nantaariii,Nantaariii,,6,0.3125,0.330931,1857.577855,6,0,16,0.06882,0
imyourmelll,imyourmelll,,7,0.261238,0.272611,1324,2,0,2,0.009357,0
AminSiregar75,AminSiregar75,,8,0.207161,0.212817,0,1,0,2,0.000719,0
Solid01,Solid01,,6,0.330259,0.357182,9306.668527,35,0.002151,24,0.119188,0
NusantaraTho,NusantaraTho,,6,0.299638,0.320591,149.093369,4,0,24,0.045041,0
GHiugo,GHiugo,,6,0.328458,0.349623,611.573406,6,0,7,0.072999,0
Zainuddinovic,Zainuddinovic,,6,0.299638,0.320591,149.093369,4,0,24,0.045041,0
arjuna16sp,arjuna16sp,,7,0.265,0.28085,23.117097,3,0,24,0.021706,0
B4NG_GUN,B4NG_GUN,,7,0.248313,0.258203,0,1,0,24,0.005202,0
rinjanialeezah,rinjanialeezah,,7,0.248313,0.258203,0,1,0,24,0.005202,0
Menghene,Menghene,,7,0.2596,0.270108,12.705174,2,0,19,0.006932,0
Uni_Pipy,Uni_Pipy,,7,0.253734,0.264171,6.026174,2,0,24,0.007807,0
chrysan_quinee,chrysan_quinee,,6,0.288608,0.302,32.654098,2,0,24,0.020493,0
muhamadsangidu2,muhamadsangidu2,,5,0.336294,0.354164,721.023603,5,0,7,0.068142,0
neonazaret,neonazaret,,7,0.248313,0.258203,0,1,0,24,0.005202,0
Bangsa_Cahaya,Bangsa_Cahaya,,7,0.248313,0.258203,0,1,0,24,0.005202,0
IraMira24,IraMira24,,6,0.273987,0.283572,0,1,0,19,0.007433,0
ajizenderry,ajizenderry,,6,0.310159,0.332113,16.209078,3,0,16,0.076724,0
CiungKana,CiungKana,,6,0.333082,0.350591,237.267083,8,0,3,0.097593,0
Kaston_Sinaga,Kaston_Sinaga,,6,0.310159,0.332113,16.209078,3,0,16,0.076724,0
akeella_aja,akeella_aja,,5,0.380528,0.411094,12471.487304,40,0.007121,2,0.322985,0
Syukriroy,Syukriroy,,5,0.335104,0.352164,240.99812,5,0,3,0.063053,0
DadunAzis,DadunAzis,,7,0.274157,0.286548,0,1,0,4,0.014475,0
iarprjt,iarprjt,,7,0.274157,0.286548,0,1,0,4,0.014475,0
sunadiharsono,sunadiharsono,,6,0.314428,0.335862,121.005641,3,0,3,0.052824,0
arumoktaviana,arumoktaviana,,6,0.310159,0.332113,16.209078,3,0,16,0.076724,0
MichaelHarto77,MichaelHarto77,,6,0.303065,0.319283,48.44711,5,0,2,0.049469,0
Yeyen41020695,Yeyen41020695,,6,0.358205,0.402164,42889.052103,98,0.0067,24,0.33156,0
denni_loyz,denni_loyz,,6,0.342643,0.366918,2174.170542,12,0.004002,24,0.116377,0
VerrBoden,VerrBoden,,7,0.278478,0.295001,0,3,0,24,0.027591,0
Bentalakelam,Bentalakelam,,7,0.278478,0.295001,0,3,0,24,0.027591,0
sabrina_nugroho,sabrina_nugroho,,7,0.278478,0.295001,0,3,0,24,0.027591,0
DoanxEwon,DoanxEwon,,7,0.278478,0.295001,0,3,0,24,0.027591,0
bambangkaryant9,bambangkaryant9,,6,0.316078,0.338415,597.663299,8,0,2,0.089924,0
Bidarits,Bidarits,,6,0.310159,0.332113,16.209078,3,0,16,0.076724,0
gentulina,gentulina,,6,0.310159,0.332113,16.209078,3,0,16,0.076724,0
sukabngt,sukabngt,,7,0.27427,0.287051,1324,2,0,4,0.014908,0
beelysy,beelysy,,8,0.215272,0.221356,0,1,0,4,0.0009,0
thebandhietz,thebandhietz,,6,0.323171,0.340013,251.091678,4,0,3,0.059248,0
yanraffasya,yanraffasya,,5,0.355228,0.381497,2382.971152,19,0.005375,4,0.238581,0
melani30,melani30,,6,0.310159,0.332113,16.209078,3,0,16,0.076724,0
Damendra78,Damendra78,,7,0.275239,0.288284,28.973012,2,0,4,0.015998,0
BumiPager,BumiPager,,5,0.409836,0.449321,22476.155749,83,0.017848,3,0.701704,0
Brad91049592,Brad91049592,,6,0.302098,0.317195,106.713045,4,0,24,0.043698,0
KingkongMendem,KingkongMendem,,6,0.284946,0.296541,2.825853,2,0,24,0.022917,0
wills_keren,wills_keren,,6,0.284824,0.297208,2.89224,4,0,2,0.027708,0
Winsontrotz1,Winsontrotz1,,6,0.284824,0.297208,2.89224,4,0,2,0.027708,0
satria_wibawa,satria_wibawa,,6,0.324357,0.34239,310.649396,7,0,2,0.079204,0
SalaUyik,SalaUyik,,6,0.329193,0.354352,1716.488799,20,0.00339,2,0.124061,0
BaDjay1,BaDjay1,,6,0.335528,0.360717,2472.362199,31,0.006231,2,0.212096,0
HendraLaurensi_,HendraLaurensi_,,6,0.284824,0.297208,2.89224,4,0,2,0.027708,0
Asepirpan_,Asepirpan_,,6,0.284824,0.297208,2.89224,4,0,2,0.027708,0
KomengMc,KomengMc,,6,0.315702,0.333157,114.579643,8,0,2,0.070053,0
kangirul803,kangirul803,,6,0.284824,0.297208,2.89224,4,0,2,0.027708,0
MasOdang2,MasOdang2,,6,0.295035,0.308453,16.230538,5,0,2,0.039811,0
O_r036,O_r036,,6,0.331416,0.353711,1723.06759,16,0.004738,2,0.162883,0
johny_bun,johny_bun,,6,0.310159,0.332113,16.209078,3,0,16,0.076724,0
JunKazama92,JunKazama92,,6,0.310159,0.332113,16.209078,3,0,16,0.076724,0
semar_mendem76,semar_mendem76,,6,0.296886,0.311019,148.080848,5,0,24,0.032219,0
GoeNs_dB,GoeNs_dB,,6,0.310159,0.332113,16.209078,3,0,16,0.076724,0
WenangAndre,WenangAndre,,6,0.309869,0.331421,2.220623,2,0,16,0.064747,0
jonnedi,jonnedi,,6,0.289175,0.302654,0,1,0,14,0.021761,0
yonathan_wijaya,yonathan_wijaya,,6,0.310159,0.332113,16.209078,3,0,16,0.076724,0
hwi_wijaya_ke2,hwi_wijaya_ke2,,6,0.296487,0.314289,23.430864,5,0,2,0.062333,0
Dee_01984,Dee_01984,,6,0.270629,0.282038,0,1,0,4,0.011445,0
Cacaruca1,Cacaruca1,,6,0.272746,0.284377,4.452028,2,0,19,0.013478,0
AlfariziPiyan,AlfariziPiyan,,6,0.274214,0.28878,0,1,0,2,0.017384,0
ntrahman2013,ntrahman2013,,7,0.215028,0.220413,0,1,0,19,0.000867,0
Ronaldlokollo,Ronaldlokollo,,5,0.341319,0.358553,60.743754,7,0,2,0.101678,0
Eddianto1,Eddianto1,,5,0.323486,0.348642,3908.566862,11,0.00248,3,0.074855,0
yanwar_hwang,yanwar_hwang,,6,0.310159,0.332113,16.209078,3,0,16,0.076724,0
julianacharmy,julianacharmy,,6,0.310159,0.332113,16.209078,3,0,16,0.076724,0
fadyanova,fadyanova,,6,0.310159,0.332113,16.209078,3,0,16,0.076724,0
ronal_ys,ronal_ys,,6,0.310159,0.332113,16.209078,3,0,16,0.076724,0
Shimeka50722781,Shimeka50722781,,6,0.310159,0.332113,16.209078,3,0,16,0.076724,0
bakarricaicha1,bakarricaicha1,,6,0.318816,0.333761,207.685478,7,0,19,0.06987,0
kuyink_caem,kuyink_caem,,5,0.425088,0.479547,86122.507786,147,0.023862,3,0.900803,0
supratikno20,supratikno20,,6,0.307068,0.326264,122.25665,6,0,2,0.084316,0
Anik_Araz,Anik_Araz,,6,0.310159,0.332113,16.209078,3,0,16,0.076724,0
WahbabiLokal,WahbabiLokal,,7,0.259957,0.270473,0,1,0,7,0.006667,0
kisszatia,kisszatia,,7,0.259957,0.270473,0,1,0,7,0.006667,0
BLU3L4ZU4RD1,BLU3L4ZU4RD1,,6,0.278654,0.297157,187.991314,4,0,24,0.025799,0
WadimorDeep,WadimorDeep,,7,0.259957,0.270473,0,1,0,7,0.006667,0
badaymasculine,badaymasculine,,7,0.259957,0.270473,0,1,0,7,0.006667,0
04__nakula,04__nakula,,7,0.259957,0.270473,0,1,0,7,0.006667,0
prasetyadannyy1,prasetyadannyy1,,7,0.259957,0.270473,0,1,0,7,0.006667,0
edotssss,edotssss,,7,0.259957,0.270473,0,1,0,7,0.006667,0
ags_riyanto76,ags_riyanto76,,7,0.259957,0.270473,0,1,0,7,0.006667,0
UripSucipto2,UripSucipto2,,7,0.259957,0.270473,0,1,0,7,0.006667,0
Abdussa78534939,Abdussa78534939,,7,0.259957,0.270473,0,1,0,7,0.006667,0
Arieantho3,Arieantho3,,7,0.259957,0.270473,0,1,0,7,0.006667,0
Bhattara_Guru,Bhattara_Guru,,7,0.259957,0.270473,0,1,0,7,0.006667,0
Obay37109306,Obay37109306,,7,0.259957,0.270473,0,1,0,7,0.006667,0
TokUrang,TokUrang,,7,0.259957,0.270473,0,1,0,7,0.006667,0
Aininoer12,Aininoer12,,6,0.306784,0.326239,294.363082,3,0,7,0.036498,0
ryu_g460,ryu_g460,,7,0.259957,0.270473,0,1,0,7,0.006667,0
rudi07_matt,rudi07_matt,,6,0.262272,0.273371,16.036496,2,0,7,0.008163,0
MdSahli4,MdSahli4,,6,0.293206,0.306566,12.888051,3,0,3,0.0223,0
wikstp,wikstp,,6,0.308283,0.325723,138.191127,2,0,7,0.038915,0
LusiHQ,LusiHQ,,7,0.259957,0.270473,0,1,0,7,0.006667,0
Oodhi_tah,Oodhi_tah,,1,1,1,0,1,0,28,0.000419,0
karnacintaku,karnacintaku,,1,1,1,0,1,0,28,0.000419,0
RyanBayu__,RyanBayu__,,6,0.315928,0.337107,0,2,0,3,0.050277,0
thankgodimhigh_,thankgodimhigh_,,6,0.310159,0.332113,16.209078,3,0,16,0.076724,0
Baby3in1,Baby3in1,,6,0.310814,0.334189,159.806977,4,0,4,0.057282,0
blambangansaja,blambangansaja,,6,0.298356,0.314113,0,1,0,3,0.032248,0
mollie_67k,mollie_67k,,6,0.254514,0.263107,0,1,0,3,0.004376,0
BastianMuntu,BastianMuntu,,6,0.310159,0.332113,16.209078,3,0,16,0.076724,0
inrachma,inrachma,,6,0.270629,0.282038,0,1,0,4,0.011445,0
jumianto_RK,jumianto_RK,,6,0.245871,0.256138,0,1,0,3,0.003306,0
_W_T_T_,_W_T_T_,,6,0.310159,0.332113,16.209078,3,0,16,0.076724,0
04_adisetiawan,04_adisetiawan,,6,0.298356,0.314113,0,1,0,3,0.032248,0
triyantoaja123,triyantoaja123,,6,0.274043,0.289396,1425.56569,4,0,3,0.018043,0
Sarah_Pndj,Sarah_Pndj,,7,0.215132,0.222185,0,1,0,3,0.001083,0
taurussaja,taurussaja,,6,0.274214,0.28878,0,1,0,2,0.017384,0
Boyzneboyzone,Boyzneboyzone,,6,0.30141,0.326755,2263.303201,17,0.004651,1,0.103507,0
MurtadhaOne1,MurtadhaOne1,,6,0.298558,0.314679,0,2,0,3,0.034768,0
Ftanjuang75,Ftanjuang75,,6,0.315551,0.335358,85.802187,4,0,19,0.065977,0
suwantopatmowi1,suwantopatmowi1,,6,0.296753,0.314893,23.430864,6,0,2,0.065052,0
TeyengCekap,TeyengCekap,,6,0.297085,0.315585,333.092017,7,0,2,0.065741,0
Yuli_Irmawati,Yuli_Irmawati,,6,0.310159,0.332113,16.209078,3,0,16,0.076724,0
bahrifull,bahrifull,,5,0.351366,0.374553,6493.933518,17,0.002536,16,0.146511,0
PrmudyHaq1,PrmudyHaq1,,6,0.260059,0.268805,0,1,0,16,0.005531,0
GNewman_Ex,GNewman_Ex,,6,0.242009,0.252516,0,1,0,24,0.007626,0
CPakdhe,CPakdhe,,3,0.555556,0.666667,4,2,0,29,0.000936,0
N,N,,4,0.384615,0.483333,0,1,0,29,0.000469,0
YouTube,YouTube,,2,0.714286,0.8,8,3,0,29,0.001362,0
aderifkyhanif,aderifkyhanif,,6,0.318663,0.33361,375.255031,7,0,2,0.070666,0
wakyal,wakyal,,6,0.296487,0.314289,23.430864,5,0,2,0.062333,0
flyingstickman,flyingstickman,,6,0.284274,0.30234,201.7094,3,0,7,0.032252,0
cebongjawabarat,cebongjawabarat,,6,0.272802,0.286553,0,1,0,1,0.014818,0
idntimes,idntimes,,6,0.263892,0.273522,0,1,0,16,0.005351,0
rahmiemiliagusa,rahmiemiliagusa,,6,0.303969,0.317786,5.991439,3,0,2,0.044087,0
Arrof11,Arrof11,,5,0.3539,0.378226,2421.462455,19,0.005409,24,0.216073,0
thesdony,thesdony,,6,0.27314,0.287346,128.920013,2,0,3,0.015456,0
makLambeTurah,makLambeTurah,,6,0.253734,0.26517,19.290527,2,0,3,0.006465,0
HenGTG,HenGTG,,5,0.323013,0.345774,561.171368,6,0,16,0.091608,0
istidharto,istidharto,,6,0.280423,0.295132,0,2,0,3,0.022515,0
alfiluka03,alfiluka03,,6,0.280186,0.295509,0,1,0,3,0.021983,0
Pacul_Ghoank,Pacul_Ghoank,,6,0.287606,0.30234,35.301608,3,0,19,0.027953,0
Salsayammin,Salsayammin,,7,0.240734,0.249429,0,1,0,1,0.003994,0
Maulizar__,Maulizar__,,6,0.274214,0.28878,0,1,0,2,0.017384,0
TriSartopo,TriSartopo,,7,0.261238,0.272611,1324,2,0,2,0.009357,0
maita67489419,maita67489419,,8,0.207161,0.212817,0,1,0,2,0.000719,0
DiantyYasmin3,DiantyYasmin3,,7,0.231643,0.242052,0,1,0,1,0.004083,0
AppFollowers1,AppFollowers1,,7,0.241084,0.249411,0,1,0,4,0.002511,0
dgn,dgn,,7,0.241084,0.249411,0,1,0,4,0.002511,0
UbayFatR,UbayFatR,,6,0.309869,0.331421,2.220623,2,0,16,0.064747,0
W_Ridwan_,W_Ridwan_,,6,0.298356,0.314113,0,1,0,3,0.032248,0
mfthrrizki,mfthrrizki,,7,0.204349,0.209387,0,1,0,3,0.000608,0
BangbeLL_08,BangbeLL_08,,6,0.251805,0.26283,0,1,0,1,0.005133,0
SKHery8,SKHery8,,5,0.366326,0.398252,10922.525441,45,0.008514,24,0.331343,0
SiswantoTohid,SiswantoTohid,,6,0.316229,0.335824,542.931871,5,0,19,0.055441,0
maulanahrmwn,maulanahrmwn,,6,0.276849,0.289774,0,2,0,4,0.016216,0
daito50506752,daito50506752,,6,0.287606,0.305182,1573.134536,7,0,4,0.036889,0
AlakUmamilo,AlakUmamilo,,6,0.315401,0.33722,277.985976,5,0,1,0.082635,0
AkunWahyu07,AkunWahyu07,,6,0.298356,0.314113,0,1,0,3,0.032248,0
D_MAHEND,D_MAHEND,,6,0.308498,0.328767,1748.39142,6,0,3,0.056576,0
kasrulsani9,kasrulsani9,,7,0.240472,0.248196,0,1,0,3,0.003469,0
agnov12,agnov12,,6,0.316531,0.335094,1391.607117,7,0,3,0.093851,0
GunsGunaran,GunsGunaran,,6,0.306075,0.320289,365.411701,5,0,16,0.043964,0
SahabatSaber,SahabatSaber,,6,0.322384,0.340013,139.154849,5,0,4,0.056977,0
ichigotalks,ichigotalks,,6,0.321758,0.338214,63.713626,4,0,4,0.04506,0
LuwitaEmilly878,LuwitaEmilly878,,6,0.281436,0.294843,3.39955,2,0,7,0.017851,0
Elza_Aliva,Elza_Aliva,,6,0.293661,0.308943,24.204412,4,0,7,0.030686,0
Diana_GarisImut,Diana_GarisImut,,6,0.281436,0.294843,3.39955,2,0,7,0.017851,0
MohAsrofi19,MohAsrofi19,,6,0.270629,0.282038,56.753733,2,0,7,0.009451,0
yasokamall1,yasokamall1,,6,0.299503,0.31683,38.683611,3,0,3,0.047901,0
DavidXTant0,DavidXTant0,,6,0.27376,0.285157,18.945201,2,0,19,0.00884,0
tuwik71,tuwik71,,6,0.287107,0.301333,135.947992,4,0,4,0.022381,0
Nick_DAlf,Nick_DAlf,,6,0.296487,0.314289,23.430864,5,0,2,0.062333,0
KiranaAngell,KiranaAngell,,6,0.310014,0.331925,1326.220623,3,0,16,0.065228,0
aagym,aagym,,7,0.236692,0.246146,0,1,0,16,0.002603,0
Iwan90,Iwan90,,6,0.304248,0.325912,42.969103,2,0,16,0.039526,0
ztw868992,ztw868992,,6,0.261961,0.272214,0,1,0,19,0.006566,0
TeddiHasan,TeddiHasan,,6,0.261961,0.272214,0,1,0,19,0.006566,0
Barra_j2p,Barra_j2p,,6,0.261961,0.272214,0,1,0,19,0.006566,0
DavidRuslie8,DavidRuslie8,,5,0.334596,0.362453,7780.95958,18,0.002896,3,0.144481,0
so_chen,so_chen,,7,0.270133,0.28246,0,1,0,4,0.014153,0
Diczkey,Diczkey,,7,0.274157,0.286548,0,1,0,4,0.014475,0
dzakkirnaech,dzakkirnaech,,5,0.36663,0.388679,2763.024272,15,0.004501,2,0.212938,0
Ari3Pras,Ari3Pras,,6,0.314428,0.335862,121.005641,3,0,3,0.052824,0
ChannelKeypo,ChannelKeypo,,3,0.555556,0.666667,4,2,0,29,0.000936,0
ngk,ngk,,4,0.384615,0.483333,0,1,0,29,0.000469,0
patriawps,patriawps,,6,0.276907,0.292113,15.713311,2,0,1,0.023141,0
teguhch12,teguhch12,,6,0.336294,0.360906,1559.777141,23,0.003797,24,0.141177,0
AchmadFalah6,AchmadFalah6,,6,0.318663,0.341031,1530.187424,6,0,3,0.06429,0
Back_cool_Tempe,Back_cool_Tempe,,5,0.325313,0.348893,355.971054,4,0,1,0.073059,0
Ronggeng_Betawi,Ronggeng_Betawi,,6,0.291657,0.308314,0,1,0,24,0.023336,0
Ungkapkan3,Ungkapkan3,,6,0.291657,0.308314,0,1,0,24,0.023336,0
kabinawa5,kabinawa5,,6,0.317822,0.339006,150.902416,4,0,3,0.06178,0
soepono42,soepono42,,6,0.291657,0.308314,0,1,0,24,0.023336,0
lho_koq,lho_koq,,6,0.291657,0.308314,0,1,0,24,0.023336,0
Floydian_PG,Floydian_PG,,6,0.291657,0.308314,0,1,0,24,0.023336,0
BangAi4ul14,BangAi4ul14,,6,0.291657,0.308314,0,1,0,24,0.023336,0
mamihanafi,mamihanafi,,6,0.291657,0.308314,0,1,0,24,0.023336,0
dhikasus,dhikasus,,6,0.291657,0.308314,0,1,0,24,0.023336,0
ciloqueciliq,ciloqueciliq,,6,0.291657,0.308314,0,1,0,24,0.023336,0
nyambeeer,nyambeeer,,6,0.291657,0.308314,0,1,0,24,0.023336,0
_Rossy022,_Rossy022,,6,0.291657,0.308314,0,1,0,24,0.023336,0
Bernard_Sims,Bernard_Sims,,6,0.291657,0.308314,0,1,0,24,0.023336,0
DudeeArab2,DudeeArab2,,6,0.291657,0.308314,0,1,0,24,0.023336,0
wilzz13,wilzz13,,6,0.291657,0.308314,0,1,0,24,0.023336,0
wrw_ardin,wrw_ardin,,6,0.342466,0.363887,1376.675885,15,0.003956,3,0.130488,0
__RismaWidiono_,__RismaWidiono_,,6,0.283908,0.300415,24.420805,2,0,1,0.028972,0
emiliagusti18,emiliagusti18,,7,0.271238,0.284158,23.465387,2,0,19,0.015312,0
alkhaliknur,alkhaliknur,,6,0.29662,0.314792,1347.430864,6,0,2,0.062817,0
BagimuNegriNKRI,BagimuNegriNKRI,,7,0.228803,0.236762,0,1,0,2,0.002598,0
vinazahara8,vinazahara8,,6,0.255348,0.26439,0,1,0,1,0.006495,0
refanromi,refanromi,,6,0.26222,0.274516,5.75963,2,0,19,0.013027,0
koreshgeorge,koreshgeorge,,6,0.296487,0.314289,23.430864,5,0,2,0.062333,0
Dickusnadi1,Dickusnadi1,,6,0.296819,0.312591,204.363433,3,0,24,0.031823,0
SanAscLaw,SanAscLaw,,6,0.272915,0.287057,1324,2,0,1,0.015253,0
toffitorre781,toffitorre781,,7,0.214436,0.221078,0,1,0,1,0.000932,0
yanahilman2,yanahilman2,,6,0.273817,0.286742,1382.981217,3,0,3,0.014607,0
EzhaDikky,EzhaDikky,,7,0.214993,0.221146,0,1,0,3,0.000914,0
cctv_idiots,cctv_idiots,,6,0.30537,0.321258,127.796894,4,0,16,0.044926,0
Joker__Gantenk,Joker__Gantenk,,6,0.273027,0.28483,0,2,0,7,0.012836,0
dio_hasden,dio_hasden,,6,0.306713,0.321371,169.073177,5,0,7,0.036279,0
endryjaya,endryjaya,,6,0.273027,0.28483,0,2,0,7,0.012836,0
Ifa_SukaSuka,Ifa_SukaSuka,,6,0.273027,0.28483,0,2,0,7,0.012836,0
jingganojingan,jingganojingan,,6,0.273027,0.28483,0,2,0,7,0.012836,0
JousairiJ,JousairiJ,,6,0.306358,0.321824,350.632921,7,0,7,0.046237,0
KangB_jo,KangB_jo,,6,0.273027,0.28483,0,2,0,7,0.012836,0
DedyNad_id,DedyNad_id,,6,0.272802,0.286553,0,1,0,1,0.014818,0
CintaNegeri_ID,CintaNegeri_ID,,6,0.291657,0.308314,0,1,0,24,0.023336,0
RajaDewAQ666,RajaDewAQ666,,6,0.298895,0.318956,92.114747,3,0,24,0.03984,0
Galang82369439,Galang82369439,,6,0.291657,0.308314,0,1,0,24,0.023336,0
dulukurus1,dulukurus1,,6,0.291657,0.308314,0,1,0,24,0.023336,0
juandagintin9,juandagintin9,,6,0.291657,0.308314,0,1,0,24,0.023336,0
fayzoke,fayzoke,,6,0.291657,0.308314,0,1,0,24,0.023336,0
stephmst,stephmst,,6,0.291657,0.308314,0,1,0,24,0.023336,0
Rezaa2121,Rezaa2121,,6,0.320823,0.343208,239.232479,6,0,3,0.102773,0
wyan_suardt,wyan_suardt,,6,0.291657,0.308314,0,1,0,24,0.023336,0
sinfull_servant,sinfull_servant,,6,0.291657,0.308314,0,1,0,24,0.023336,0
YUSRIbaikhati,YUSRIbaikhati,,6,0.291657,0.308314,0,1,0,24,0.023336,0
LangitnyaCerah,LangitnyaCerah,,6,0.291657,0.308314,0,1,0,24,0.023336,0
SriSadono8,SriSadono8,,6,0.287856,0.30761,66.435647,11,0.003817,1,0.072818,0
Leel310,Leel310,,7,0.259397,0.269416,0,1,0,3,0.008668,0
TjahjadiJudono,TjahjadiJudono,,6,0.261961,0.272214,0,1,0,19,0.006566,0
1897uventina,1897uventina,,6,0.275468,0.285597,0,1,0,3,0.009938,0
kokotogel,kokotogel,,0,0,0,0,2,0,30,0.000419,0
Alphaville69,Alphaville69,,6,0.305089,0.325157,1186.222516,19,0.003036,24,0.077361,0
antondlaw2,antondlaw2,,7,0.263787,0.277705,0,1,0,24,0.013642,0
HeyriNicko,HeyriNicko,,7,0.275067,0.293491,99.330758,2,0,24,0.021263,0
Rudalsandy1,Rudalsandy1,,7,0.263787,0.277705,0,1,0,24,0.013642,0
elfanmauludi,elfanmauludi,,7,0.263787,0.277705,0,1,0,24,0.013642,0
rusdi8181,rusdi8181,,7,0.263787,0.277705,0,1,0,24,0.013642,0
dessy_zen,dessy_zen,,7,0.263787,0.277705,0,1,0,24,0.013642,0
DenBeisBeis1,DenBeisBeis1,,7,0.263787,0.277705,0,1,0,24,0.013642,0
555masteng,555masteng,,7,0.263787,0.277705,0,1,0,24,0.013642,0
R_GUN4W4N,R_GUN4W4N,,7,0.264313,0.278963,15.858399,2,0,24,0.016504,0
euphovia__,euphovia__,,6,0.263472,0.274151,0,1,0,3,0.008323,0
NoePur,NoePur,,6,0.296487,0.314289,23.430864,5,0,2,0.062333,0
PLullua,PLullua,,5,0.373239,0.401321,11364.388901,27,0.004476,19,0.197772,0
cinihiya,cinihiya,,6,0.305159,0.320075,95.586449,5,0,19,0.041753,0
puspaswarna,puspaswarna,,6,0.261961,0.272214,0,1,0,19,0.006566,0
kopitehkopi,kopitehkopi,,6,0.261961,0.272214,0,1,0,19,0.006566,0
PemprovJakarta,PemprovJakarta,,6,0.261961,0.272214,0,1,0,19,0.006566,0
DediMulyadi71,DediMulyadi71,,6,0.261961,0.272214,0,1,0,19,0.006566,0
Aguswhyd00,Aguswhyd00,,6,0.311472,0.33356,321.466387,3,0,1,0.043725,0
Nezhea_Thann,Nezhea_Thann,,6,0.277487,0.288931,0,2,0,19,0.012977,0
Abhabill9,Abhabill9,,6,0.287793,0.307233,57.151311,10,0.003531,1,0.068561,0
KontanNews,KontanNews,,6,0.263892,0.273522,0,1,0,16,0.005351,0
rongs_rong,rongs_rong,,5,0.355133,0.380956,2787.991392,20,0.005793,24,0.205229,0
Dessy_dfy,Dessy_dfy,,5,0.357432,0.381522,1405.523845,26,0.006894,3,0.236417,0
dteleer,dteleer,,7,0.263787,0.277705,0,1,0,24,0.013642,0
Naning32053453,Naning32053453,,7,0.263787,0.277705,0,1,0,24,0.013642,0
Najwa_faisa,Najwa_faisa,,7,0.263787,0.277705,0,1,0,24,0.013642,0
KeyshaAdinda5,KeyshaAdinda5,,6,0.283908,0.299937,101.387441,3,0,1,0.02123,0
mycrestin,mycrestin,,7,0.263787,0.277705,0,1,0,24,0.013642,0
yush_abubakar,yush_abubakar,,7,0.263787,0.277705,0,1,0,24,0.013642,0
alifwiralodra,alifwiralodra,,7,0.263787,0.277705,0,1,0,24,0.013642,0
PretiWn,PretiWn,,7,0.263787,0.277705,0,1,0,24,0.013642,0
JuanitaSitompul,JuanitaSitompul,,7,0.263787,0.277705,0,1,0,24,0.013642,0
rryaza,rryaza,,7,0.263787,0.277705,0,1,0,24,0.013642,0
ud_cakrawala,ud_cakrawala,,6,0.265584,0.277233,0,1,0,14,0.012276,0
Setyabu87910464,Setyabu87910464,,6,0.297619,0.311283,116.318905,5,0,19,0.022276,0
DOengkara,DOengkara,,6,0.263472,0.274151,0,1,0,3,0.008323,0
Barna_byo,Barna_byo,,6,0.304108,0.325409,0,1,0,16,0.037435,0
anaklanang172,anaklanang172,,6,0.273252,0.285421,37.922029,3,0,19,0.014682,0
kupra_tubagus,kupra_tubagus,,6,0.328866,0.350566,300.990992,10,0.003003,3,0.160839,0
r_djarot_s,r_djarot_s,,6,0.26222,0.274516,5.75963,2,0,19,0.013027,0
dimasarya98,dimasarya98,,6,0.296487,0.314289,23.430864,5,0,2,0.062333,0
ianbura,ianbura,,6,0.28842,0.304579,3.364655,2,0,3,0.038487,0
bimasakti4212,bimasakti4212,,5,0.316607,0.340642,149.323839,2,0,2,0.054819,0
patrickharimo,patrickharimo,,6,0.297152,0.315421,96.244242,8,0,2,0.066929,0
Nasamil0,Nasamil0,,6,0.321368,0.338654,97.048812,4,0,3,0.066513,0
Pangancel_5,Pangancel_5,,6,0.306217,0.319862,13.860618,3,0,3,0.042646,0
ekorizkikurnia1,ekorizkikurnia1,,3,0.454545,0.533333,0,1,0,29,0.000514,0
Mytulip3,Mytulip3,,7,0.246328,0.256649,0,1,0,4,0.004658,0
sujokojiwo,sujokojiwo,,6,0.274214,0.28878,0,1,0,2,0.017384,0
anton_cokro,anton_cokro,,6,0.271851,0.281912,0,1,0,19,0.007444,0
WinSamb,WinSamb,,7,0.215028,0.220413,0,1,0,19,0.000867,0
Fahim11974,Fahim11974,,5,0.347404,0.374918,2126.669659,26,0.007442,1,0.241088,0
digeeembok,digeeembok,,6,0.301273,0.318868,28.712637,3,0,4,0.057491,0
dirgantra00,dirgantra00,,6,0.359761,0.387748,10546.187512,27,0.005541,19,0.218087,0
razzmon_,razzmon_,,6,0.295232,0.310792,565.969113,5,0,19,0.033047,0
Eva_ernawatiaji,Eva_ernawatiaji,,6,0.296487,0.314289,23.430864,5,0,2,0.062333,0
LgVeder,LgVeder,,6,0.315928,0.335258,45.021581,5,0,3,0.085029,0
RudiTobinq,RudiTobinq,,6,0.291657,0.308314,0,1,0,24,0.023336,0
ayah_9Garislucu,ayah_9Garislucu,,6,0.291657,0.308314,0,1,0,24,0.023336,0
ahmad_subana,ahmad_subana,,6,0.291657,0.308314,0,1,0,24,0.023336,0
CahayaJelita01,CahayaJelita01,,7,0.238138,0.245894,0,1,0,16,0.002691,0
Cuker5Pwt,Cuker5Pwt,,6,0.28661,0.303572,1451.542759,5,0,1,0.029079,0
GUMARABUIWIL,GUMARABUIWIL,,6,0.29662,0.314792,45.315521,6,0,2,0.068473,0
nar_dwi,nar_dwi,,6,0.3125,0.333597,57.671207,6,0,3,0.107719,0
jun23061,jun23061,,6,0.274327,0.289283,1324,2,0,2,0.017821,0
myozhyme,myozhyme,,7,0.215307,0.222253,0,1,0,2,0.001016,0
WandiKurnia_Zen,WandiKurnia_Zen,,7,0.223402,0.231159,0,1,0,4,0.001741,0
KimmiHerre,KimmiHerre,,7,0.262688,0.271793,0,3,0,24,0.013655,0
likmurr,likmurr,,7,0.262688,0.271793,0,3,0,24,0.013655,0
Chocopinkz,Chocopinkz,,7,0.273591,0.288146,179.355135,4,0,24,0.021276,0
boas65_wwn,boas65_wwn,,6,0.299774,0.317635,736.007209,15,0.002409,24,0.056413,0
BriNic0612,BriNic0612,,7,0.262688,0.271793,0,3,0,24,0.013655,0
BachtiarAby,BachtiarAby,,7,0.262688,0.271793,0,3,0,24,0.013655,0
7burian_,7burian_,,6,0.295495,0.31073,96.62047,4,0,24,0.03182,0
4nga1,4nga1,,7,0.258335,0.265491,0,1,0,2,0.004763,0
M3juahjuah,M3juahjuah,,7,0.280127,0.294309,544.869986,3,0,4,0.02075,0
tkalimantan888,tkalimantan888,,6,0.290634,0.306075,0,2,0,4,0.027094,0
TasunPawanto507,TasunPawanto507,,6,0.277778,0.287119,0,1,0,4,0.010694,0
Dhan61152962,Dhan61152962,,7,0.26463,0.274825,0,1,0,19,0.007998,0
khoeadrian,khoeadrian,,6,0.304108,0.325409,0,1,0,16,0.037435,0
FirzaHusain,FirzaHusain,,7,0.2417,0.251089,0,1,0,3,0.002605,0
aziim_id,aziim_id,,7,0.270133,0.28246,0,1,0,4,0.014153,0
AlvaroZoell99,AlvaroZoell99,,6,0.287107,0.305975,0,1,0,16,0.027312,0
doyokijay,doyokijay,,6,0.265851,0.275094,0,1,0,4,0.00971,0
SORUN2020,SORUN2020,,6,0.285437,0.30205,94.29396,3,0,1,0.028274,0
SugiKawuloAlit,SugiKawuloAlit,,7,0.258033,0.267491,0,1,0,3,0.007094,0
OmSobirin,OmSobirin,,6,0.270629,0.282038,0,1,0,4,0.011445,0
agen_jujuk2,agen_jujuk2,,6,0.298558,0.319899,506.091122,17,0.002602,2,0.084196,0
bang__ajoen,bang__ajoen,,7,0.266976,0.279227,10.313939,3,0,19,0.01464,0
pun4k4w4n,pun4k4w4n,,6,0.284885,0.300113,207.057721,3,0,2,0.024955,0
GaweiPeniel,GaweiPeniel,,6,0.269802,0.283736,75.529362,4,0,19,0.021284,0
KujangAki,KujangAki,,6,0.289364,0.300302,0,1,0,16,0.014215,0
TolakBigotRI,TolakBigotRI,,6,0.250757,0.261648,0,1,0,3,0.005526,0
Mahluklemah_,Mahluklemah_,,6,0.311618,0.335484,232.573342,5,0,4,0.061276,0
WartawanPensiun,WartawanPensiun,,7,0.222801,0.230397,0,1,0,1,0.001458,0
Love_Natharin,Love_Natharin,,6,0.277081,0.288151,12.951913,2,0,3,0.012467,0
BecaMamat,BecaMamat,,6,0.289364,0.300302,0,1,0,16,0.014215,0
Mojun1903,Mojun1903,,7,0.247895,0.257076,2647,3,0,19,0.005157,0
Islam_07Sleman,Islam_07Sleman,,8,0.19868,0.203296,0,1,0,19,0.000633,0
DyasviantiRatna,DyasviantiRatna,,8,0.19868,0.203296,0,1,0,19,0.000633,0
Krutoi68,Krutoi68,,5,0.324994,0.344604,0,2,0,16,0.05165,0
carakada,carakada,,6,0.314951,0.337031,1530.600074,5,0,3,0.060668,0
DPR_RI,DPR_RI,,7,0.239559,0.248913,0,1,0,3,0.002464,0
Rahmat1933v,Rahmat1933v,,6,0.274214,0.28878,0,1,0,2,0.017384,0
Priymail,Priymail,,6,0.315251,0.33678,135.622111,3,0,16,0.069774,0
dira_anin,dira_anin,,7,0.26463,0.274825,0,1,0,19,0.007998,0
heizky1105,heizky1105,,5,0.320513,0.34566,1713.867801,16,0.004175,3,0.137084,0
Viral_Bangettt,Viral_Bangettt,,1,1,1,0,1,0,31,0.000419,0
HumorPolitikINA,HumorPolitikINA,,1,1,1,0,1,0,31,0.000419,0
aku_pamuji,aku_pamuji,,5,0.307068,0.329094,124.33041,2,0,4,0.042092,0
Hilmi28,Hilmi28,,6,0.250947,0.261396,0,1,0,16,0.004635,0
BetawiLengser,BetawiLengser,,6,0.28842,0.304579,3.364655,2,0,3,0.038487,0
jatayu39290613,jatayu39290613,,5,0.354373,0.383849,5389.776298,28,0.0068,3,0.27012,0
Oliph_OilWay,Oliph_OilWay,,6,0.261703,0.272541,0,1,0,3,0.009571,0
hRp__5,hRp__5,,6,0.3065,0.325283,3359.869339,16,0.001912,24,0.063614,0
harahaps_hrp,harahaps_hrp,,6,0.300113,0.317572,142.890632,4,0,3,0.041308,0
elkeyyis132,elkeyyis132,,6,0.304108,0.325409,0,1,0,16,0.037435,0
4smara1701,4smara1701,,6,0.261703,0.272541,0,1,0,3,0.009571,0
Angelicd33,Angelicd33,,6,0.27314,0.285686,0,1,0,7,0.011347,0
cahyani90976469,cahyani90976469,,6,0.27314,0.285686,0,1,0,7,0.011347,0
hys179,hys179,,6,0.27314,0.285686,0,1,0,7,0.011347,0
jenk_kelinn,jenk_kelinn,,6,0.27314,0.285686,0,1,0,7,0.011347,0
EOentono,EOentono,,6,0.317593,0.334176,57.231532,3,0,7,0.051495,0
yarachantique,yarachantique,,6,0.326999,0.346981,271.311828,4,0,7,0.065137,0
Ichulk_1225,Ichulk_1225,,6,0.317593,0.334176,57.231532,3,0,7,0.051495,0
___Ciendyy,___Ciendyy,,6,0.317593,0.334176,57.231532,3,0,7,0.051495,0
ifull_mild,ifull_mild,,6,0.317593,0.334176,57.231532,3,0,7,0.051495,0
edy_hendryan,edy_hendryan,,6,0.317593,0.334176,57.231532,3,0,7,0.051495,0
RikaSudjiman,RikaSudjiman,,6,0.317593,0.334176,57.231532,3,0,7,0.051495,0
vianratulangi,vianratulangi,,6,0.244917,0.255535,0,1,0,1,0.002793,0
sirodjudin01,sirodjudin01,,7,0.23209,0.239619,0,1,0,1,0.001755,0
goes44,goes44,,6,0.260059,0.268805,0,1,0,16,0.005531,0
wbintoro101209,wbintoro101209,,6,0.260059,0.268805,0,1,0,16,0.005531,0
aides_aigipty,aides_aigipty,,6,0.275468,0.285597,0,1,0,3,0.009938,0
erienborneo75,erienborneo75,,6,0.275468,0.285597,0,1,0,3,0.009938,0
Nr53N74H7N,Nr53N74H7N,,7,0.270298,0.283177,8.71795,2,0,4,0.014427,0
and_RA02,and_RA02,,5,0.31828,0.340528,201.257216,4,0,19,0.054578,0
samsul_rzal,samsul_rzal,,5,0.401637,0.444906,47709.51756,92,0.011457,13,0.483158,0
Oparey4,Oparey4,,6,0.28661,0.30005,0,1,0,13,0.018165,0
karman_mustamin,karman_mustamin,,6,0.254514,0.263107,0,1,0,3,0.004376,0
Boemi_Pertiwi12,Boemi_Pertiwi12,,6,0.254514,0.263107,0,1,0,3,0.004376,0
endra_triatmoko,endra_triatmoko,,7,0.208892,0.213912,0,1,0,16,0.000616,0
dehadaud,dehadaud,,6,0.287606,0.298692,0,1,0,3,0.014515,0
DivaCatrii,DivaCatrii,,7,0.274157,0.286548,0,1,0,4,0.014475,0
SunJ567,SunJ567,,6,0.254514,0.263107,0,1,0,3,0.004376,0
edi8988,edi8988,,5,0.319508,0.343535,464.409241,3,0,4,0.056161,0
arfa1993,arfa1993,,6,0.297686,0.311233,156.546906,3,0,3,0.028053,0
cahkebumen,cahkebumen,,6,0.308858,0.321975,0,2,0,3,0.028103,0
_riverheaven,_riverheaven,,7,0.262793,0.275416,18.733074,3,0,24,0.010477,0
firman2030,firman2030,,1,1,1,0,1,0,32,0.000419,0
FJBKASKUSID,FJBKASKUSID,,1,1,1,0,1,0,32,0.000419,0
ProjoRia,ProjoRia,,6,0.306926,0.32966,1479.610342,4,0,16,0.044671,0
Randall_Rain,Randall_Rain,,7,0.234887,0.244649,0,1,0,16,0.001962,0
andi_saja,andi_saja,,6,0.242763,0.252855,0,1,0,3,0.005028,0
Alfiansyahfahri,Alfiansyahfahri,,6,0.26222,0.274516,5.75963,2,0,19,0.013027,0
CahJywe,CahJywe,,6,0.275468,0.287547,0,1,0,4,0.011198,0
mrbarens,mrbarens,,6,0.260059,0.268805,0,1,0,16,0.005531,0
gerylliana,gerylliana,,7,0.234638,0.242329,0,1,0,24,0.002863,0
harahap_hrp,harahap_hrp,,7,0.234638,0.242329,0,1,0,24,0.002863,0
SugiMauk,SugiMauk,,6,0.257482,0.268478,0,1,0,7,0.005545,0
Leks86270168,Leks86270168,,6,0.333417,0.367006,8100.881923,50,0.003,14,0.259257,0
diannovie,diannovie,,6,0.333837,0.368428,18183.605012,60,0.003776,13,0.171133,0
dinalarku,dinalarku,,1,1,1,0,1,0,33,0.000419,0
SBYudhoyono,SBYudhoyono,,1,1,1,0,1,0,33,0.000419,0
didithardworker,didithardworker,,7,0.209122,0.215145,1324.5,3,0,16,0.001801,0
ASastroamidjojo,ASastroamidjojo,,8,0.172977,0.176362,0,1,0,16,0.000527,0
mbahnoer88,mbahnoer88,,6,0.28661,0.30005,0,1,0,13,0.018165,0
Tri_Rismaharini,Tri_Rismaharini,,6,0.251423,0.259673,0,1,0,7,0.002661,0
DedyFasya,DedyFasya,,7,0.224348,0.232296,0,1,0,19,0.001923,0
herman_chou73,herman_chou73,,5,0.367341,0.405824,11100.796352,61,0.005574,14,0.399419,0
medcom_id,medcom_id,,6,0.291145,0.302792,0,2,0,3,0.019376,0
antonnamikaze1,antonnamikaze1,,7,0.270133,0.28246,0,1,0,4,0.014153,0
sopirbakul,sopirbakul,,6,0.254514,0.263107,0,1,0,3,0.004376,0
erry_ajah,erry_ajah,,6,0.284274,0.298906,31.628247,4,0,16,0.031491,0
AgnesAl41495769,AgnesAl41495769,,6,0.256534,0.265157,0,1,0,16,0.004193,0
AyuAzkia4,AyuAzkia4,,6,0.256534,0.265157,0,1,0,16,0.004193,0
WiraPra90,WiraPra90,,6,0.298625,0.315119,36.295847,3,0,3,0.038445,0
dewakarbinawa,dewakarbinawa,,6,0.298625,0.315119,36.295847,3,0,3,0.038445,0
Robert__Moses,Robert__Moses,,6,0.298625,0.315119,36.295847,3,0,3,0.038445,0
MoeztKun,MoeztKun,,6,0.298625,0.315119,36.295847,3,0,3,0.038445,0
lidah_tornado,lidah_tornado,,6,0.298491,0.314616,8.164578,2,0,3,0.036273,0
eddy_widodo_165,eddy_widodo_165,,5,0.343442,0.366,1910.561989,6,0,3,0.10067,0
vonbronbiru,vonbronbiru,,6,0.255693,0.264767,0,1,0,3,0.003782,0
ZahiraFadillah,ZahiraFadillah,,7,0.250094,0.262007,0,1,0,14,0.009808,0
Baktinegeri01,Baktinegeri01,,6,0.297954,0.316189,48.200057,6,0,2,0.066842,0
chefmuke,chefmuke,,6,0.289364,0.300302,0,1,0,16,0.014215,0
cooll04,cooll04,,6,0.28661,0.30005,0,1,0,13,0.018165,0
RixxCarlson,RixxCarlson,,7,0.200606,0.205465,0,1,0,16,0.000571,0
tujuhyoga,tujuhyoga,,6,0.289364,0.300302,0,1,0,16,0.014215,0
Fiki57504811,Fiki57504811,,6,0.289364,0.300302,0,1,0,16,0.014215,0
cemindill,cemindill,,7,0.2552,0.263202,0,1,0,4,0.003926,0
AfrizaFebrian,AfrizaFebrian,,6,0.310232,0.332302,248.068166,5,0,3,0.079012,0
d_pilatus,d_pilatus,,6,0.24424,0.254465,0,1,0,16,0.003848,0
IMulya77,IMulya77,,7,0.224348,0.232296,0,1,0,19,0.001923,0
arsabangsa,arsabangsa,,1,1,1,3,3,0,34,0.001272,0
MediaSanad,MediaSanad,,2,0.6,0.666667,0,1,0,34,0.000509,0
NinaFebriyant20,NinaFebriyant20,,2,0.6,0.666667,0,1,0,34,0.000509,0
na_dirs,na_dirs,,2,0.6,0.666667,0,1,0,34,0.000509,0
ShantiSetiawati,ShantiSetiawati,,7,0.250331,0.262316,0,1,0,13,0.007621,0
elbeelkren,elbeelkren,,7,0.250331,0.262316,0,1,0,13,0.007621,0
santoso25179155,santoso25179155,,7,0.250331,0.262316,0,1,0,13,0.007621,0
TShareefa1,TShareefa1,,7,0.250331,0.262316,0,1,0,13,0.007621,0
Shankosi1,Shankosi1,,7,0.250331,0.262316,0,1,0,13,0.007621,0
MiraAnjelita,MiraAnjelita,,7,0.250331,0.262316,0,1,0,13,0.007621,0
sipasrah_,sipasrah_,,7,0.250331,0.262316,0,1,0,13,0.007621,0
DafinaEmalia,DafinaEmalia,,7,0.250331,0.262316,0,1,0,13,0.007621,0
herubadala,herubadala,,6,0.24424,0.254465,0,1,0,16,0.003848,0
TsunPawanto507,TsunPawanto507,,7,0.274157,0.286548,0,1,0,4,0.014475,0
SandraM11311031,SandraM11311031,,6,0.261961,0.272214,0,1,0,19,0.006566,0
Cah_Nggoling,Cah_Nggoling,,6,0.261961,0.272214,0,1,0,19,0.006566,0
Indo__Turkistan,Indo__Turkistan,,6,0.261961,0.272214,0,1,0,19,0.006566,0
pratamarangga65,pratamarangga65,,6,0.296487,0.314289,23.430864,5,0,2,0.062333,0
sandra_hut,sandra_hut,,6,0.269528,0.282013,62.672624,3,0,19,0.011869,0
MasCEPUK_ID,MasCEPUK_ID,,6,0.267245,0.276855,0,1,0,3,0.008474,0
Santoso26166908,Santoso26166908,,6,0.271739,0.283874,0,1,0,14,0.014805,0
prasetyo_rudik,prasetyo_rudik,,6,0.270961,0.282918,23.192606,2,0,19,0.013004,0
achzam_prabu,achzam_prabu,,6,0.268872,0.27917,12.793097,2,0,3,0.009801,0
syanazmanis,syanazmanis,,7,0.290698,0.306624,23.079314,3,0,2,0.033841,0
edikadina02,edikadina02,,6,0.289175,0.302654,0,1,0,14,0.021761,0
Dede67244719,Dede67244719,,6,0.27074,0.282541,1324,2,0,4,0.011876,0
OrganBiru,OrganBiru,,7,0.213091,0.218726,0,1,0,4,0.000816,0
DonatMeja,DonatMeja,,7,0.241568,0.251242,16.636818,2,0,19,0.004822,0
sabarNoumah,sabarNoumah,,5,0.334258,0.357019,648.037863,6,0,2,0.099767,0
YoonByeoll,YoonByeoll,,5,0.342732,0.369421,1713.870695,22,0.006142,2,0.19704,0
afxxnsm,afxxnsm,,6,0.304108,0.325409,0,1,0,16,0.037435,0
Pipy_Thalib,Pipy_Thalib,,6,0.29662,0.314792,406.491074,6,0,2,0.06303,0
pancaran,pancaran,,5,0.323328,0.347057,309.796965,6,0,4,0.076356,0
yadi_asli,yadi_asli,,6,0.29662,0.314792,131.520877,6,0,2,0.063718,0
Cahkuwut,Cahkuwut,,6,0.270629,0.282038,0,1,0,4,0.011445,0
grossofx_,grossofx_,,6,0.271851,0.281912,0,1,0,19,0.007444,0
KiBajolIjo,KiBajolIjo,,7,0.245098,0.253919,1324,2,0,24,0.003785,0
ArSunantoaris,ArSunantoaris,,8,0.19688,0.20148,0,1,0,24,0.000552,0
JWibowo3,JWibowo3,,6,0.271851,0.281912,0,1,0,19,0.007444,0
Padussikoto1,Padussikoto1,,6,0.272802,0.286553,0,1,0,1,0.014818,0
C0918273645M,C0918273645M,,5,0.331914,0.356792,683.303919,9,0,4,0.121512,0
bukansiapa2pun,bukansiapa2pun,,5,0.383502,0.413711,9718.246534,41,0.008671,3,0.375209,0
difanaz,difanaz,,6,0.265691,0.274289,0,1,0,3,0.005523,0
hnurwahid,hnurwahid,,6,0.261961,0.272214,0,1,0,19,0.006566,0
simbahstp,simbahstp,,7,0.2552,0.263202,0,1,0,4,0.003926,0
tempemendoanGL,tempemendoanGL,,6,0.271739,0.283874,0,1,0,14,0.014805,0
andrajoleno,andrajoleno,,6,0.315251,0.337862,376.571167,6,0,3,0.093487,0
kaliuskulus,kaliuskulus,,6,0.270629,0.282038,0,1,0,4,0.011445,0
Nawat_Adws,Nawat_Adws,,6,0.309869,0.331421,2.220623,2,0,16,0.064747,0
PenjajahJ,PenjajahJ,,6,0.311545,0.332906,70.267889,6,0,3,0.100321,0
MudasirRomini,MudasirRomini,,6,0.270629,0.282038,0,1,0,4,0.011445,0
desuyato,desuyato,,6,0.288545,0.304327,40.20303,5,0,3,0.054119,0
mamamudah31,mamamudah31,,6,0.272802,0.286553,0,1,0,1,0.014818,0
Lukmantambose66,Lukmantambose66,,7,0.223478,0.229222,0,1,0,24,0.001177,0
Jadoel00598166,Jadoel00598166,,6,0.283362,0.29434,0,1,0,24,0.015291,0
grosso_fx,grosso_fx,,6,0.271851,0.281912,0,1,0,19,0.007444,0
pakokbetah,pakokbetah,,6,0.289554,0.306755,100.36414,4,0,19,0.043793,0
Luana0119411577,Luana0119411577,,7,0.249154,0.258422,0,1,0,4,0.004515,0
arieflipp,arieflipp,,7,0.249154,0.258422,0,1,0,4,0.004515,0
urangkampung74,urangkampung74,,6,0.29243,0.308642,46.790361,3,0,19,0.036953,0
TNI_AL,TNI_AL,,6,0.262065,0.271031,0,1,0,3,0.005381,0
lovetaoT0BA,lovetaoT0BA,,6,0.271851,0.281912,0,1,0,19,0.007444,0
rahmiemiliagusta,rahmiemiliagusta,,6,0.290761,0.302981,0,1,0,3,0.024222,0
Avatar__reborn,Avatar__reborn,,6,0.290761,0.302981,0,1,0,3,0.024222,0
Ashar20442678,Ashar20442678,,6,0.270629,0.282038,0,1,0,4,0.011445,0
agustin_sastra,agustin_sastra,,6,0.28886,0.30639,1356.84792,3,0,4,0.03231,0
Andi__Alamsyah,Andi__Alamsyah,,6,0.275468,0.287547,0,1,0,4,0.011198,0
aryakusuma1707,aryakusuma1707,,7,0.281795,0.299328,338.921191,13,0.001034,3,0.046316,0
SNc_76,SNc_76,,5,0.358593,0.402239,22376.231618,81,0.003399,13,0.245506,0
zontaiasu,zontaiasu,,6,0.294248,0.308805,6.712645,2,0,4,0.027701,0
adhie_swa,adhie_swa,,6,0.267245,0.276855,0,1,0,3,0.008474,0
positive_values,positive_values,,6,0.28842,0.304579,3.364655,2,0,3,0.038487,0
Quntuz,Quntuz,,6,0.321758,0.343094,452.470591,11,0.003673,2,0.125413,0
PrabhuSinDewa,PrabhuSinDewa,,6,0.275697,0.286189,0,1,0,2,0.011652,0
jamatindoputra,jamatindoputra,,1,1,1,0,1,0,35,0.000419,0
gmail.com,gmail.com,,1,1,1,0,1,0,35,0.000419,0
kangDarus74,kangDarus74,,6,0.343531,0.364151,472.639093,10,0.003064,2,0.138749,0
Milanoo79,Milanoo79,,7,0.224158,0.232014,0,1,0,4,0.001497,0
javier_aktam18,javier_aktam18,,6,0.297285,0.310792,273.402112,3,0,4,0.027945,0
Victor_Tian17,Victor_Tian17,,6,0.270629,0.282038,0,1,0,4,0.011445,0
Tempe_gembus1,Tempe_gembus1,,6,0.291657,0.308314,0,1,0,24,0.023336,0
NasarudinHoja,NasarudinHoja,,6,0.296753,0.309774,25.258625,2,0,3,0.022948,0
Alfaruqo,Alfaruqo,,6,0.288545,0.305082,9.396888,3,0,3,0.044117,0
HoetTkr,HoetTkr,,5,0.332998,0.358541,1782.666856,16,0.001542,3,0.100148,0
TagarNews,TagarNews,,6,0.275468,0.285597,0,1,0,3,0.009938,0
Maknyus_nnn,Maknyus_nnn,,7,0.260417,0.271177,0,1,0,3,0.008126,0
Daeng_P86,Daeng_P86,,6,0.295627,0.314667,48.605481,3,0,1,0.053305,0
UripCak,UripCak,,6,0.315101,0.336239,0,2,0,16,0.049537,0
dir1ku,dir1ku,,6,0.275353,0.288415,0,1,0,14,0.015741,0
Putri___Nuraini,Putri___Nuraini,,6,0.281855,0.296113,8.752207,2,0,3,0.029874,0
Phytonkdi1,Phytonkdi1,,6,0.288734,0.307283,63.504415,2,0,1,0.032203,0
dhe_enoily,dhe_enoily,,6,0.31638,0.333296,587.413539,12,0.00271,3,0.067284,0
budiyono97,budiyono97,,6,0.282396,0.293736,0,2,0,3,0.015633,0
MerahPutih97,MerahPutih97,,6,0.282396,0.293736,0,2,0,3,0.015633,0
Oppagum,Oppagum,,6,0.282396,0.293736,0,2,0,3,0.015633,0
andiRis1die,andiRis1die,,7,0.241744,0.252178,1324,2,0,24,0.003258,0
wiwnesky,wiwnesky,,8,0.19471,0.200173,0,1,0,24,0.000539,0
pancaran9,pancaran9,,6,0.273591,0.284151,0,1,0,16,0.012102,0
Santori53251858,Santori53251858,,6,0.268708,0.281761,0,1,0,14,0.014499,0
BillyZihan,BillyZihan,,6,0.274214,0.28878,0,1,0,2,0.017384,0
wonkedansukowa3,wonkedansukowa3,,6,0.28842,0.304579,3.364655,2,0,3,0.038487,0
AGUSWIB14060855,AGUSWIB14060855,,6,0.28842,0.304579,3.364655,2,0,3,0.038487,0
ariefjoy79,ariefjoy79,,6,0.286177,0.304503,72.787637,3,0,4,0.035531,0
omicasano,omicasano,,6,0.276849,0.291497,4.869273,2,0,1,0.021559,0
rendachan18,rendachan18,,1,1,1,0,1,0,36,0.000419,0
LinkedIn,LinkedIn,,1,1,1,0,1,0,36,0.000419,0
JamesKatuuk,JamesKatuuk,,6,0.272802,0.286553,0,1,0,1,0.014818,0
CahNdes0bgt,CahNdes0bgt,,6,0.270629,0.282038,0,1,0,4,0.011445,0
N53270338,N53270338,,6,0.277255,0.287535,0,1,0,3,0.013175,0
SuksmaM,SuksmaM,,6,0.299435,0.311019,0,2,0,3,0.026017,0
NAbimanyu14,NAbimanyu14,,6,0.307782,0.328755,201.881506,5,0,4,0.077224,0
Exis78,Exis78,,6,0.274214,0.28878,0,1,0,2,0.017384,0
