{"chunk_definitions":[{"row":32,"row_count":1,"visible":true,"expansion_state":0,"options":{"engine":"r","label":"setup","include":false,"cache":false,"message":false,"warning":false,"results":"hide"},"document_id":"D5291A2B","chunk_id":"csetup_chunk","chunk_label":"setup"},{"row":119,"row_count":1,"visible":true,"expansion_state":0,"options":{"engine":"r","eval":false,"label":"unnamed-chunk-13"},"document_id":"3D4E1967","chunk_id":"cdrmgksevxj7t","chunk_label":"unnamed-chunk-1"}],"doc_write_time":1632709877,"working_dir":null}