{"chunk_definitions":[{"row":32,"row_count":1,"visible":true,"expansion_state":0,"options":{"engine":"r","label":"setup","include":false,"cache":false,"message":false,"warning":false,"results":"hide"},"document_id":"BF389C74","chunk_id":"csetup_chunk","chunk_label":"setup"},{"row":213,"row_count":1,"visible":true,"expansion_state":0,"options":{"engine":"r","eval":false,"label":"unnamed-chunk-14"},"document_id":"BF389C74","chunk_id":"cm2j99eq7k38m","chunk_label":"unnamed-chunk-7"},{"row":222,"row_count":1,"visible":true,"expansion_state":0,"options":{"engine":"r","eval":false,"label":"unnamed-chunk-21"},"document_id":"BF389C74","chunk_id":"cp3g08ouun85x","chunk_label":"unnamed-chunk-8"}],"doc_write_time":1632970840,"working_dir":null}