"0","knitr::opts_chunk$set(cache=TRUE, echo=TRUE, message=FALSE, warning=FALSE, eval=FALSE)"
"0","knitr::opts_chunk$set(tidy.opts = list(width.cutoff = 60), tidy = TRUE)"
"0","knitr::opts_chunk$set(fig.path='figs/')"
"0","knitr::opts_chunk$set(tidy.opts = list(width.cutoff = 60), tidy = TRUE)"
"0","knitr::opts_chunk$set(cache.path='cache/')"
"0","knitr::opts_chunk$set("
"0","                  fig.process = function(x) {"
"0","                      x2 = sub('-\\d+([.][a-z]+)$', '\\1', x)"
"0","                      if (file.rename(x, x2)) x2 else x"
"0","                      }"
"0","                  )"
"0","library(tidyverse)"
"0","library(stevemisc)"
"0","library(formatR)"
