"0","raw_data = raw_data %>% "
"0","   select(id, user_name, full_text)"
"0","glimpse(raw_data)"
"1","Rows: 3,000"
"1",""
"1","
"
"1","Columns: 3"
"1",""
"1","
"
"1","$ id        [3m[38;5;246m<dbl>[39m[23m 1.233019e+18, 1.231132e+18, 1.230830e+18, 1.230045e+18, 1.230044e+18, 1.23…
$ user_name [3m[38;5;246m<chr>[39m[23m ""PakdeKoppig"", ""adprim59"", ""adprim59"", ""kasih_islam"", ""kasih_islam"", ""kasi…
$ full_text [3m[38;5;246m<chr>[39m[23m ""Tim Komrah Cek Area Bekas Uji Coba Aspal Formula E: Tak Semulus yang Diny…"
"1",""
"1","
"
