{"chunk_definitions":[{"row":82,"row_count":1,"visible":true,"expansion_state":0,"options":{"engine":"r","eval":false,"label":"unnamed-chunk-4"},"document_id":"4EC2772D","chunk_id":"ccyqk5b7xhlo4","chunk_label":"unnamed-chunk-1"},{"row":97,"row_count":1,"visible":true,"expansion_state":0,"options":{"engine":"r","eval":false,"label":"unnamed-chunk-3"},"document_id":"4EC2772D","chunk_id":"c9x3mbg741g88","chunk_label":"unnamed-chunk-2"},{"row":111,"row_count":1,"visible":true,"expansion_state":0,"options":{"engine":"r","eval":false,"label":"unnamed-chunk-2"},"document_id":"4EC2772D","chunk_id":"czchc2ya24bzr","chunk_label":"unnamed-chunk-3"},{"row":123,"row_count":1,"visible":true,"expansion_state":0,"options":{"engine":"r","eval":false,"label":"unnamed-chunk-1"},"document_id":"4EC2772D","chunk_id":"c0v5epm9y6f0p","chunk_label":"unnamed-chunk-4"}],"doc_write_time":1633484056}