{"chunk_definitions":[{"row":32,"row_count":1,"visible":true,"expansion_state":0,"options":{"engine":"r","label":"setup","include":false,"cache":false,"message":false,"warning":false,"results":"hide"},"document_id":"095B9684","chunk_id":"csetup_chunk","chunk_label":"setup"},{"row":118,"row_count":1,"visible":true,"expansion_state":0,"options":{"engine":"r","eval":false,"label":"unnamed-chunk-4"},"document_id":"095B9684","chunk_id":"cspjdg6206coo","chunk_label":"unnamed-chunk-4"},{"row":168,"row_count":1,"visible":true,"expansion_state":0,"options":{"engine":"r","label":"unnamed-chunk-1"},"document_id":"095B9684","chunk_id":"cq8bm3bs3afqd","chunk_label":"unnamed-chunk-6"},{"row":273,"row_count":1,"visible":true,"expansion_state":0,"options":{"engine":"r","label":"unnamed-chunk-21"},"document_id":"095B9684","chunk_id":"cewcqa2m06f0r","chunk_label":"unnamed-chunk-12"},{"row":355,"row_count":1,"visible":true,"expansion_state":0,"options":{"engine":"r","label":"unnamed-chunk-62"},"document_id":"095B9684","chunk_id":"cbx2y4e70gkq6","chunk_label":"unnamed-chunk-19"},{"row":374,"row_count":1,"visible":true,"expansion_state":0,"options":{"engine":"r","label":"unnamed-chunk-80"},"document_id":"095B9684","chunk_id":"c3uvdwq2ttzqq","chunk_label":"unnamed-chunk-20"},{"row":390,"row_count":1,"visible":true,"expansion_state":0,"options":{"engine":"r","label":"unnamed-chunk-83"},"document_id":"095B9684","chunk_id":"cwsek5rt5qch1","chunk_label":"unnamed-chunk-21"},{"row":401,"row_count":1,"visible":true,"expansion_state":0,"options":{"engine":"r","label":"unnamed-chunk-84"},"document_id":"095B9684","chunk_id":"cndn29ll5kxtz","chunk_label":"unnamed-chunk-22"},{"row":415,"row_count":1,"visible":true,"expansion_state":0,"options":{"engine":"r","label":"unnamed-chunk-89"},"document_id":"095B9684","chunk_id":"cmulclqwnv3f7","chunk_label":"unnamed-chunk-23"},{"row":429,"row_count":1,"visible":true,"expansion_state":0,"options":{"engine":"r","label":"unnamed-chunk-94"},"document_id":"095B9684","chunk_id":"cixtalho3g0pc","chunk_label":"unnamed-chunk-24"}],"doc_write_time":1631789928,"working_dir":null}