{"chunk_definitions":[{"row":32,"row_count":1,"visible":true,"expansion_state":0,"options":{"engine":"r","label":"setup","include":false,"cache":false,"message":false,"warning":false,"results":"hide"},"document_id":"095B9684","chunk_id":"csetup_chunk","chunk_label":"setup"},{"row":112,"row_count":1,"visible":true,"expansion_state":0,"options":{"engine":"r","label":"unnamed-chunk-5"},"document_id":"095B9684","chunk_id":"c133cf5re7rf0","chunk_label":"unnamed-chunk-4"}],"doc_write_time":1631761019,"working_dir":null}