{"chunk_definitions":[{"row":34,"row_count":1,"visible":true,"expansion_state":0,"options":{"engine":"r","label":"setup","include":false,"cache":false,"message":false,"warning":false,"results":"hide"},"document_id":"DCC411E0","chunk_id":"csetup_chunk","chunk_label":"setup"},{"row":165,"row_count":1,"visible":true,"expansion_state":0,"options":{"engine":"r","label":"unnamed-chunk-26"},"document_id":"D5990C00","chunk_id":"co4m8h3yh44us","chunk_label":"unnamed-chunk-2"},{"row":176,"row_count":1,"visible":true,"expansion_state":0,"options":{"engine":"r","label":"unnamed-chunk-28"},"document_id":"D5990C00","chunk_id":"c89rwdz9e648n","chunk_label":"unnamed-chunk-3"},{"row":186,"row_count":1,"visible":true,"expansion_state":0,"options":{"engine":"r","label":"unnamed-chunk-29"},"document_id":"D5990C00","chunk_id":"cgefv4wev0out","chunk_label":"unnamed-chunk-4"},{"row":197,"row_count":1,"visible":true,"expansion_state":0,"options":{"engine":"r","label":"unnamed-chunk-35"},"document_id":"D5990C00","chunk_id":"cmh7gqw6c1rax","chunk_label":"unnamed-chunk-5"},{"row":206,"row_count":1,"visible":true,"expansion_state":0,"options":{"engine":"r","eval":true,"tidy":true,"tidy.opts":{"width.cutoff":60},"label":"unnamed-chunk-49"},"document_id":"D5990C00","chunk_id":"cahy48wpp41y2","chunk_label":"unnamed-chunk-6"},{"row":213,"row_count":1,"visible":true,"expansion_state":0,"options":{"engine":"r","eval":true,"echo":false,"label":"unnamed-chunk-50"},"document_id":"D5990C00","chunk_id":"cq8mkd7ixcvdb","chunk_label":"unnamed-chunk-7"},{"row":227,"row_count":1,"visible":true,"expansion_state":0,"options":{"engine":"r","eval":true,"label":"unnamed-chunk-62"},"document_id":"D5990C00","chunk_id":"cvhfyh5li3jdj","chunk_label":"unnamed-chunk-8"},{"row":250,"row_count":1,"visible":true,"expansion_state":0,"options":{"engine":"r","eval":true,"label":"unnamed-chunk-38"},"document_id":"D5990C00","chunk_id":"c5rifbwrfbm8k","chunk_label":"unnamed-chunk-9"},{"row":262,"row_count":1,"visible":true,"expansion_state":0,"options":{"engine":"r","eval":true,"label":"unnamed-chunk-39"},"document_id":"D5990C00","chunk_id":"copt57utqlg32","chunk_label":"unnamed-chunk-10"},{"row":268,"row_count":1,"visible":true,"expansion_state":0,"options":{"engine":"r","eval":true,"echo":false,"label":"unnamed-chunk-40"},"document_id":"D5990C00","chunk_id":"c2evgoll8lwmr","chunk_label":"unnamed-chunk-11"},{"row":282,"row_count":1,"visible":true,"expansion_state":0,"options":{"engine":"r","eval":true,"label":"unnamed-chunk-68"},"document_id":"D5990C00","chunk_id":"c5g1i9bllvhpv","chunk_label":"unnamed-chunk-12"},{"row":288,"row_count":1,"visible":true,"expansion_state":0,"options":{"engine":"r","eval":true,"echo":false,"label":"unnamed-chunk-69"},"document_id":"D5990C00","chunk_id":"c7176lqafzrt1","chunk_label":"unnamed-chunk-13"}],"doc_write_time":1632620293}