{"chunk_definitions":[{"row":32,"row_count":1,"visible":true,"expansion_state":0,"options":{"engine":"r","label":"setup","include":false,"cache":false,"message":false,"warning":false,"results":"hide"},"document_id":"CCB7603F","chunk_id":"csetup_chunk","chunk_label":"setup"},{"row":195,"row_count":1,"visible":true,"expansion_state":0,"options":{"engine":"r","echo":true,"eval":false,"label":"unnamed-chunk-44"},"document_id":"CCB7603F","chunk_id":"cq45t4nujntmx","chunk_label":"unnamed-chunk-7"},{"row":205,"row_count":1,"visible":true,"expansion_state":0,"options":{"engine":"r","eval":false,"label":"unnamed-chunk-51"},"document_id":"CCB7603F","chunk_id":"c1j6mk3ttyc8w","chunk_label":"unnamed-chunk-8"},{"row":272,"row_count":1,"visible":true,"expansion_state":0,"options":{"engine":"r","eval":false,"label":"unnamed-chunk-99"},"document_id":"CCB7603F","chunk_id":"c4hxrnqolf9dy","chunk_label":"unnamed-chunk-12"}],"doc_write_time":1632804778,"working_dir":null}