"0","library(tidyverse)"
"0","library(tidytext)"
"0","library(topicmodels)"
"0",""
"0","raw_data = read_csv(""data/tweet_save_monas.csv"")"
"2","Parsed with column specification:
cols(
  .default = col_character(),
  id = [32mcol_double()[39m,
  timestamp = [32mcol_double()[39m,
  created_at = [34mcol_datetime(format = """")[39m,
  created_at_time = [34mcol_time(format = """")[39m,
  user_id = [32mcol_double()[39m,
  user_verified = [33mcol_logical()[39m,
  user_created_at = [34mcol_datetime(format = """")[39m,
  user_followers_count = [32mcol_double()[39m,
  user_friends_count = [32mcol_double()[39m,
  user_statuses_count = [32mcol_double()[39m,
  user_favourites_count = [32mcol_double()[39m,
  user_listed_count = [32mcol_double()[39m,
  user_media_count = [32mcol_double()[39m,
  user_protected = [33mcol_logical()[39m,
  reply_count = [32mcol_double()[39m,
  retweet_count = [32mcol_double()[39m,
  like_count = [32mcol_double()[39m,
  quote_count = [32mcol_double()[39m,
  conversation_id = [32mcol_double()[39m,
  engagement = [32mcol_double()[39m
  # ... with 2 more columns
)
"
"2","See spec(...) for full column specifications.
"
"0","raw_data = raw_data %>% "
"0","   select(id, full_text_clean) %>%"
"0","   group_by(id) %>% "
"0","   unnest_tokens(word, full_text_clean, token = ""words"")"
"0",""
"0","raw_data = raw_data %>% "
"0","   filter(!is.na(word))"
"0",""
"0","glimpse(raw_data)"
"1","Rows: 2,895"
"1",""
"1","
"
"1","Columns: 2"
"1",""
"1","
"
"1","Groups: id [2,895]"
"1",""
"1","
"
"1","$ id   [3m[38;5;246m<dbl>[39m[23m 1.233019e+18, 1.233019e+18, 1.233019e+18, 1.233019e+18, 1.233019e+18, 1.233019e+18, 1.233019e+18, 1.2330…
$ word [3m[38;5;246m<chr>[39m[23m ""tim"", ""komrah"", ""cek"", ""area"", ""bekas"", ""uji"", ""coba"", ""aspal"", ""formula"", ""e"", ""tak"", ""mulus"", ""yang"",…"
"1",""
"1","
"
