{"chunk_definitions":[{"row":32,"row_count":1,"visible":true,"expansion_state":0,"options":{"engine":"r","label":"setup","include":false,"cache":false,"message":false,"warning":false,"results":"hide"},"document_id":"095B9684","chunk_id":"csetup_chunk","chunk_label":"setup"},{"row":68,"row_count":1,"visible":true,"expansion_state":0,"options":{"engine":"r","label":"unnamed-chunk-3"},"document_id":"095B9684","chunk_id":"cp9qj8wv3ztpn","chunk_label":"unnamed-chunk-1"}],"doc_write_time":1631710501,"working_dir":null}