"0","teks = "" jagalah 3m, Menjaga Jarak, "
"0","         kebersihan, dan menjaga hatii......."""
"0","teks"
"1","[1]"
"1"," "" jagalah 3m, Menjaga Jarak, \n         kebersihan, dan menjaga hatii......."""
"1","
"
"0","library(textclean)"
"0",""
"0","# extra sapce"
"0","replace_white(teks)"
"1","[1]"
"1"," "" jagalah 3m, Menjaga Jarak, kebersihan, dan menjaga hatii......."""
"1","
"
"0","# white space di depan/belakang"
"0","str_trim(string = teks, side = ""both"")"
"1","[1]"
"1"," ""jagalah 3m, Menjaga Jarak, \n         kebersihan, dan menjaga hatii......."""
"1","
"
