{"chunk_definitions":[{"row":32,"row_count":1,"visible":true,"expansion_state":0,"options":{"engine":"r","label":"setup","include":false,"cache":false,"message":false,"warning":false,"results":"hide"},"document_id":"7897D614","chunk_id":"csetup_chunk","chunk_label":"setup"},{"row":108,"row_count":1,"visible":true,"expansion_state":0,"options":{"engine":"r","eval":false,"label":"unnamed-chunk-31"},"document_id":"7897D614","chunk_id":"cprv2sq2xbklx","chunk_label":"unnamed-chunk-2"}],"doc_write_time":1632830480,"working_dir":null}