{"chunk_definitions":[{"row":32,"row_count":1,"visible":true,"expansion_state":0,"options":{"engine":"r","label":"setup","include":false,"cache":false,"message":false,"warning":false,"results":"hide"},"document_id":"E04F0CB6","chunk_id":"csetup_chunk","chunk_label":"setup"},{"row":100,"row_count":1,"visible":true,"expansion_state":0,"options":{"engine":"r","eval":false,"label":"unnamed-chunk-10"},"document_id":"E04F0CB6","chunk_id":"cljqix21r72i8","chunk_label":"unnamed-chunk-1"},{"row":108,"row_count":1,"visible":true,"expansion_state":0,"options":{"engine":"r","label":"unnamed-chunk-11"},"document_id":"E04F0CB6","chunk_id":"cmtl70cigqled","chunk_label":"unnamed-chunk-2"},{"row":116,"row_count":1,"visible":true,"expansion_state":0,"options":{"engine":"r","label":"unnamed-chunk-12"},"document_id":"E04F0CB6","chunk_id":"cs1p4k2v7xsgt","chunk_label":"unnamed-chunk-3"}],"doc_write_time":1632734785,"working_dir":null}