{"mtcars":[{"mpg":21,"cyl":6,"disp":160,"hp":110,"drat":3.9,"wt":2.62,"qsec":16.46,"vs":0,"am":1,"gear":4,"carb":4,"_row":"Mazda RX4"},{"mpg":21,"cyl":6,"disp":160,"hp":110,"drat":3.9,"wt":2.875,"qsec":17.02,"vs":0,"am":1,"gear":4,"carb":4,"_row":"Mazda RX4 Wag"},{"mpg":22.8,"cyl":4,"disp":108,"hp":93,"drat":3.85,"wt":2.32,"qsec":18.61,"vs":1,"am":1,"gear":4,"carb":1,"_row":"Datsun 710"},{"mpg":21.4,"cyl":6,"disp":258,"hp":110,"drat":3.08,"wt":3.215,"qsec":19.44,"vs":1,"am":0,"gear":3,"carb":1,"_row":"Hornet 4 Drive"},{"mpg":18.7,"cyl":8,"disp":360,"hp":175,"drat":3.15,"wt":3.44,"qsec":17.02,"vs":0,"am":0,"gear":3,"carb":2,"_row":"Hornet Sportabout"},{"mpg":18.1,"cyl":6,"disp":225,"hp":105,"drat":2.76,"wt":3.46,"qsec":20.22,"vs":1,"am":0,"gear":3,"carb":1,"_row":"Valiant"},{"mpg":14.3,"cyl":8,"disp":360,"hp":245,"drat":3.21,"wt":3.57,"qsec":15.84,"vs":0,"am":0,"gear":3,"carb":4,"_row":"Duster 360"},{"mpg":24.4,"cyl":4,"disp":146.7,"hp":62,"drat":3.69,"wt":3.19,"qsec":20,"vs":1,"am":0,"gear":4,"carb":2,"_row":"Merc 240D"},{"mpg":22.8,"cyl":4,"disp":140.8,"hp":95,"drat":3.92,"wt":3.15,"qsec":22.9,"vs":1,"am":0,"gear":4,"carb":2,"_row":"Merc 230"},{"mpg":19.2,"cyl":6,"disp":167.6,"hp":123,"drat":3.92,"wt":3.44,"qsec":18.3,"vs":1,"am":0,"gear":4,"carb":4,"_row":"Merc 280"},{"mpg":17.8,"cyl":6,"disp":167.6,"hp":123,"drat":3.92,"wt":3.44,"qsec":18.9,"vs":1,"am":0,"gear":4,"carb":4,"_row":"Merc 280C"},{"mpg":16.4,"cyl":8,"disp":275.8,"hp":180,"drat":3.07,"wt":4.07,"qsec":17.4,"vs":0,"am":0,"gear":3,"carb":3,"_row":"Merc 450SE"},{"mpg":17.3,"cyl":8,"disp":275.8,"hp":180,"drat":3.07,"wt":3.73,"qsec":17.6,"vs":0,"am":0,"gear":3,"carb":3,"_row":"Merc 450SL"},{"mpg":15.2,"cyl":8,"disp":275.8,"hp":180,"drat":3.07,"wt":3.78,"qsec":18,"vs":0,"am":0,"gear":3,"carb":3,"_row":"Merc 450SLC"},{"mpg":10.4,"cyl":8,"disp":472,"hp":205,"drat":2.93,"wt":5.25,"qsec":17.98,"vs":0,"am":0,"gear":3,"carb":4,"_row":"Cadillac Fleetwood"},{"mpg":10.4,"cyl":8,"disp":460,"hp":215,"drat":3,"wt":5.424,"qsec":17.82,"vs":0,"am":0,"gear":3,"carb":4,"_row":"Lincoln Continental"},{"mpg":14.7,"cyl":8,"disp":440,"hp":230,"drat":3.23,"wt":5.345,"qsec":17.42,"vs":0,"am":0,"gear":3,"carb":4,"_row":"Chrysler Imperial"},{"mpg":32.4,"cyl":4,"disp":78.7,"hp":66,"drat":4.08,"wt":2.2,"qsec":19.47,"vs":1,"am":1,"gear":4,"carb":1,"_row":"Fiat 128"},{"mpg":30.4,"cyl":4,"disp":75.7,"hp":52,"drat":4.93,"wt":1.615,"qsec":18.52,"vs":1,"am":1,"gear":4,"carb":2,"_row":"Honda Civic"},{"mpg":33.9,"cyl":4,"disp":71.1,"hp":65,"drat":4.22,"wt":1.835,"qsec":19.9,"vs":1,"am":1,"gear":4,"carb":1,"_row":"Toyota Corolla"},{"mpg":21.5,"cyl":4,"disp":120.1,"hp":97,"drat":3.7,"wt":2.465,"qsec":20.01,"vs":1,"am":0,"gear":3,"carb":1,"_row":"Toyota Corona"},{"mpg":15.5,"cyl":8,"disp":318,"hp":150,"drat":2.76,"wt":3.52,"qsec":16.87,"vs":0,"am":0,"gear":3,"carb":2,"_row":"Dodge Challenger"},{"mpg":15.2,"cyl":8,"disp":304,"hp":150,"drat":3.15,"wt":3.435,"qsec":17.3,"vs":0,"am":0,"gear":3,"carb":2,"_row":"AMC Javelin"},{"mpg":13.3,"cyl":8,"disp":350,"hp":245,"drat":3.73,"wt":3.84,"qsec":15.41,"vs":0,"am":0,"gear":3,"carb":4,"_row":"Camaro Z28"},{"mpg":19.2,"cyl":8,"disp":400,"hp":175,"drat":3.08,"wt":3.845,"qsec":17.05,"vs":0,"am":0,"gear":3,"carb":2,"_row":"Pontiac Firebird"},{"mpg":27.3,"cyl":4,"disp":79,"hp":66,"drat":4.08,"wt":1.935,"qsec":18.9,"vs":1,"am":1,"gear":4,"carb":1,"_row":"Fiat X1-9"},{"mpg":26,"cyl":4,"disp":120.3,"hp":91,"drat":4.43,"wt":2.14,"qsec":16.7,"vs":0,"am":1,"gear":5,"carb":2,"_row":"Porsche 914-2"},{"mpg":30.4,"cyl":4,"disp":95.1,"hp":113,"drat":3.77,"wt":1.513,"qsec":16.9,"vs":1,"am":1,"gear":5,"carb":2,"_row":"Lotus Europa"},{"mpg":15.8,"cyl":8,"disp":351,"hp":264,"drat":4.22,"wt":3.17,"qsec":14.5,"vs":0,"am":1,"gear":5,"carb":4,"_row":"Ford Pantera L"},{"mpg":19.7,"cyl":6,"disp":145,"hp":175,"drat":3.62,"wt":2.77,"qsec":15.5,"vs":0,"am":1,"gear":5,"carb":6,"_row":"Ferrari Dino"},{"mpg":15,"cyl":8,"disp":301,"hp":335,"drat":3.54,"wt":3.57,"qsec":14.6,"vs":0,"am":1,"gear":5,"carb":8,"_row":"Maserati Bora"},{"mpg":21.4,"cyl":4,"disp":121,"hp":109,"drat":4.11,"wt":2.78,"qsec":18.6,"vs":1,"am":1,"gear":4,"carb":2,"_row":"Volvo 142E"}],"ekonomi":[{"date":"1967-07-01","pce":506.7,"pop":198712,"psavert":12.6,"uempmed":4.5,"unemploy":2944},{"date":"1967-08-01","pce":509.8,"pop":198911,"psavert":12.6,"uempmed":4.7,"unemploy":2945},{"date":"1967-09-01","pce":515.6,"pop":199113,"psavert":11.9,"uempmed":4.6,"unemploy":2958},{"date":"1967-10-01","pce":512.2,"pop":199311,"psavert":12.9,"uempmed":4.9,"unemploy":3143},{"date":"1967-11-01","pce":517.4,"pop":199498,"psavert":12.8,"uempmed":4.7,"unemploy":3066},{"date":"1967-12-01","pce":525.1,"pop":199657,"psavert":11.8,"uempmed":4.8,"unemploy":3018},{"date":"1968-01-01","pce":530.9,"pop":199808,"psavert":11.7,"uempmed":5.1,"unemploy":2878},{"date":"1968-02-01","pce":533.6,"pop":199920,"psavert":12.3,"uempmed":4.5,"unemploy":3001},{"date":"1968-03-01","pce":544.3,"pop":200056,"psavert":11.7,"uempmed":4.1,"unemploy":2877},{"date":"1968-04-01","pce":544,"pop":200208,"psavert":12.3,"uempmed":4.6,"unemploy":2709},{"date":"1968-05-01","pce":549.8,"pop":200361,"psavert":12,"uempmed":4.4,"unemploy":2740},{"date":"1968-06-01","pce":556.3,"pop":200536,"psavert":11.7,"uempmed":4.4,"unemploy":2938},{"date":"1968-07-01","pce":563.2,"pop":200706,"psavert":10.7,"uempmed":4.5,"unemploy":2883},{"date":"1968-08-01","pce":567,"pop":200898,"psavert":10.5,"uempmed":4.2,"unemploy":2768},{"date":"1968-09-01","pce":568.2,"pop":201095,"psavert":10.6,"uempmed":4.6,"unemploy":2686},{"date":"1968-10-01","pce":571.6,"pop":201290,"psavert":10.8,"uempmed":4.8,"unemploy":2689},{"date":"1968-11-01","pce":576.7,"pop":201466,"psavert":10.6,"uempmed":4.4,"unemploy":2715},{"date":"1968-12-01","pce":576.5,"pop":201621,"psavert":11.1,"uempmed":4.4,"unemploy":2685},{"date":"1969-01-01","pce":583.5,"pop":201760,"psavert":10.3,"uempmed":4.4,"unemploy":2718},{"date":"1969-02-01","pce":588.7,"pop":201881,"psavert":9.7,"uempmed":4.9,"unemploy":2692},{"date":"1969-03-01","pce":588.9,"pop":202023,"psavert":10.2,"uempmed":4,"unemploy":2712},{"date":"1969-04-01","pce":593.9,"pop":202161,"psavert":9.7,"uempmed":4,"unemploy":2758},{"date":"1969-05-01","pce":600.3,"pop":202331,"psavert":10.1,"uempmed":4.2,"unemploy":2713},{"date":"1969-06-01","pce":600.9,"pop":202507,"psavert":11.1,"uempmed":4.4,"unemploy":2816},{"date":"1969-07-01","pce":602.7,"pop":202677,"psavert":11.8,"uempmed":4.4,"unemploy":2868},{"date":"1969-08-01","pce":609.9,"pop":202877,"psavert":11.5,"uempmed":4.4,"unemploy":2856},{"date":"1969-09-01","pce":613.2,"pop":203090,"psavert":11.6,"uempmed":4.7,"unemploy":3040},{"date":"1969-10-01","pce":618.5,"pop":203302,"psavert":11.4,"uempmed":4.5,"unemploy":3049},{"date":"1969-11-01","pce":620.5,"pop":203500,"psavert":11.6,"uempmed":4.8,"unemploy":2856},{"date":"1969-12-01","pce":622.8,"pop":203675,"psavert":11.8,"uempmed":4.6,"unemploy":2884},{"date":"1970-01-01","pce":628.7,"pop":203849,"psavert":11.8,"uempmed":4.6,"unemploy":3201},{"date":"1970-02-01","pce":634,"pop":204008,"psavert":11.7,"uempmed":4.5,"unemploy":3453},{"date":"1970-03-01","pce":632.3,"pop":204156,"psavert":12.4,"uempmed":4.6,"unemploy":3635},{"date":"1970-04-01","pce":636,"pop":204401,"psavert":13.3,"uempmed":4.1,"unemploy":3797},{"date":"1970-05-01","pce":642.4,"pop":204607,"psavert":12.4,"uempmed":4.7,"unemploy":3919},{"date":"1970-06-01","pce":646.3,"pop":204830,"psavert":12.3,"uempmed":4.9,"unemploy":4071},{"date":"1970-07-01","pce":648.5,"pop":205052,"psavert":13.5,"uempmed":5.1,"unemploy":4175},{"date":"1970-08-01","pce":652.9,"pop":205295,"psavert":13.4,"uempmed":5.4,"unemploy":4256},{"date":"1970-09-01","pce":659.1,"pop":205540,"psavert":12.9,"uempmed":5.2,"unemploy":4456},{"date":"1970-10-01","pce":658.3,"pop":205788,"psavert":13.1,"uempmed":5.2,"unemploy":4591},{"date":"1970-11-01","pce":656.6,"pop":206024,"psavert":13.6,"uempmed":5.6,"unemploy":4898},{"date":"1970-12-01","pce":665.6,"pop":206238,"psavert":13.2,"uempmed":5.9,"unemploy":5076},{"date":"1971-01-01","pce":676.1,"pop":206466,"psavert":13.3,"uempmed":6.2,"unemploy":4986},{"date":"1971-02-01","pce":679.4,"pop":206668,"psavert":13.3,"uempmed":6.3,"unemploy":4903},{"date":"1971-03-01","pce":682,"pop":206855,"psavert":13.5,"uempmed":6.4,"unemploy":4987},{"date":"1971-04-01","pce":688.8,"pop":207065,"psavert":13.2,"uempmed":6.5,"unemploy":4959},{"date":"1971-05-01","pce":691.1,"pop":207260,"psavert":13.6,"uempmed":6.7,"unemploy":4996},{"date":"1971-06-01","pce":699.8,"pop":207462,"psavert":14.7,"uempmed":5.7,"unemploy":4949},{"date":"1971-07-01","pce":698.9,"pop":207661,"psavert":13.8,"uempmed":6.2,"unemploy":5035},{"date":"1971-08-01","pce":704.9,"pop":207881,"psavert":13.6,"uempmed":6.4,"unemploy":5134},{"date":"1971-09-01","pce":713,"pop":208114,"psavert":13.3,"uempmed":5.8,"unemploy":5042},{"date":"1971-10-01","pce":715.8,"pop":208345,"psavert":13.3,"uempmed":6.5,"unemploy":4954},{"date":"1971-11-01","pce":720.9,"pop":208555,"psavert":13.1,"uempmed":6.4,"unemploy":5161},{"date":"1971-12-01","pce":728.4,"pop":208740,"psavert":13,"uempmed":6.2,"unemploy":5154},{"date":"1972-01-01","pce":731.5,"pop":208917,"psavert":12.5,"uempmed":6.2,"unemploy":5019},{"date":"1972-02-01","pce":736.2,"pop":209061,"psavert":12.8,"uempmed":6.6,"unemploy":4928},{"date":"1972-03-01","pce":749.2,"pop":209212,"psavert":11.8,"uempmed":6.6,"unemploy":5038},{"date":"1972-04-01","pce":752.5,"pop":209386,"psavert":11.5,"uempmed":6.7,"unemploy":4959},{"date":"1972-05-01","pce":758,"pop":209545,"psavert":11.7,"uempmed":6.6,"unemploy":4922},{"date":"1972-06-01","pce":761.6,"pop":209725,"psavert":11.7,"uempmed":5.4,"unemploy":4923},{"date":"1972-07-01","pce":769.9,"pop":209896,"psavert":11.7,"uempmed":6.1,"unemploy":4913},{"date":"1972-08-01","pce":776.3,"pop":210075,"psavert":12,"uempmed":6,"unemploy":4939},{"date":"1972-09-01","pce":781.1,"pop":210278,"psavert":12.2,"uempmed":5.6,"unemploy":4849},{"date":"1972-10-01","pce":794.9,"pop":210479,"psavert":13,"uempmed":5.7,"unemploy":4875},{"date":"1972-11-01","pce":800.5,"pop":210656,"psavert":13.6,"uempmed":5.7,"unemploy":4602},{"date":"1972-12-01","pce":806.1,"pop":210821,"psavert":13.7,"uempmed":6.1,"unemploy":4543},{"date":"1973-01-01","pce":816.5,"pop":210985,"psavert":12.4,"uempmed":5.7,"unemploy":4326},{"date":"1973-02-01","pce":825.8,"pop":211120,"psavert":12.5,"uempmed":5.2,"unemploy":4452},{"date":"1973-03-01","pce":832.8,"pop":211254,"psavert":12.7,"uempmed":5.5,"unemploy":4394},{"date":"1973-04-01","pce":835.7,"pop":211420,"psavert":13.2,"uempmed":5,"unemploy":4459},{"date":"1973-05-01","pce":841.6,"pop":211577,"psavert":13.2,"uempmed":4.9,"unemploy":4329},{"date":"1973-06-01","pce":844.3,"pop":211746,"psavert":13.6,"uempmed":5,"unemploy":4363},{"date":"1973-07-01","pce":854.1,"pop":211909,"psavert":13.2,"uempmed":5.2,"unemploy":4305},{"date":"1973-08-01","pce":853.3,"pop":212092,"psavert":13.9,"uempmed":4.9,"unemploy":4305},{"date":"1973-09-01","pce":869.2,"pop":212289,"psavert":13.1,"uempmed":5.4,"unemploy":4350},{"date":"1973-10-01","pce":868.2,"pop":212475,"psavert":14.4,"uempmed":5.5,"unemploy":4144},{"date":"1973-11-01","pce":876.9,"pop":212634,"psavert":14.4,"uempmed":5.1,"unemploy":4396},{"date":"1973-12-01","pce":876.6,"pop":212785,"psavert":14.8,"uempmed":4.7,"unemploy":4489},{"date":"1974-01-01","pce":884.5,"pop":212932,"psavert":14.3,"uempmed":5,"unemploy":4644},{"date":"1974-02-01","pce":889.7,"pop":213074,"psavert":14.2,"uempmed":5.1,"unemploy":4731},{"date":"1974-03-01","pce":901.4,"pop":213211,"psavert":13.4,"uempmed":4.8,"unemploy":4634},{"date":"1974-04-01","pce":910.8,"pop":213361,"psavert":13.1,"uempmed":5,"unemploy":4618},{"date":"1974-05-01","pce":922.4,"pop":213513,"psavert":12.8,"uempmed":4.6,"unemploy":4705},{"date":"1974-06-01","pce":928,"pop":213686,"psavert":12.8,"uempmed":5.3,"unemploy":4927},{"date":"1974-07-01","pce":937.9,"pop":213854,"psavert":12.8,"uempmed":5.7,"unemploy":5063},{"date":"1974-08-01","pce":954.8,"pop":214042,"psavert":12.1,"uempmed":5,"unemploy":5022},{"date":"1974-09-01","pce":955.1,"pop":214246,"psavert":12.9,"uempmed":5.3,"unemploy":5437},{"date":"1974-10-01","pce":959.2,"pop":214451,"psavert":13.4,"uempmed":5.5,"unemploy":5523},{"date":"1974-11-01","pce":956.2,"pop":214625,"psavert":13.8,"uempmed":5.2,"unemploy":6140},{"date":"1974-12-01","pce":961.8,"pop":214782,"psavert":14,"uempmed":5.7,"unemploy":6636},{"date":"1975-01-01","pce":975.6,"pop":214931,"psavert":13.2,"uempmed":6.3,"unemploy":7501},{"date":"1975-02-01","pce":989.4,"pop":215065,"psavert":12.5,"uempmed":7.1,"unemploy":7520},{"date":"1975-03-01","pce":990.6,"pop":215198,"psavert":12.7,"uempmed":7.2,"unemploy":7978},{"date":"1975-04-01","pce":995,"pop":215353,"psavert":14.2,"uempmed":8.7,"unemploy":8210},{"date":"1975-05-01","pce":1018.9,"pop":215523,"psavert":17.3,"uempmed":9.4,"unemploy":8433},{"date":"1975-06-01","pce":1026.8,"pop":215768,"psavert":14.3,"uempmed":8.8,"unemploy":8220},{"date":"1975-07-01","pce":1039.8,"pop":215973,"psavert":12.6,"uempmed":8.6,"unemploy":8127},{"date":"1975-08-01","pce":1047,"pop":216195,"psavert":13,"uempmed":9.2,"unemploy":7928},{"date":"1975-09-01","pce":1054.8,"pop":216393,"psavert":13,"uempmed":9.2,"unemploy":7923},{"date":"1975-10-01","pce":1060.9,"pop":216587,"psavert":13.4,"uempmed":8.6,"unemploy":7897},{"date":"1975-11-01","pce":1075.8,"pop":216771,"psavert":12.7,"uempmed":9.5,"unemploy":7794},{"date":"1975-12-01","pce":1092.1,"pop":216931,"psavert":12,"uempmed":9,"unemploy":7744},{"date":"1976-01-01","pce":1107.1,"pop":217095,"psavert":11.7,"uempmed":9,"unemploy":7534},{"date":"1976-02-01","pce":1107.7,"pop":217249,"psavert":12.3,"uempmed":8.2,"unemploy":7326},{"date":"1976-03-01","pce":1114.9,"pop":217381,"psavert":12.2,"uempmed":8.7,"unemploy":7230},{"date":"1976-04-01","pce":1125.4,"pop":217528,"psavert":11.7,"uempmed":8.2,"unemploy":7330},{"date":"1976-05-01","pce":1122.7,"pop":217685,"psavert":12.3,"uempmed":8.3,"unemploy":7053},{"date":"1976-06-01","pce":1140.5,"pop":217861,"psavert":11.4,"uempmed":7.8,"unemploy":7322},{"date":"1976-07-01","pce":1149.6,"pop":218035,"psavert":11.7,"uempmed":7.7,"unemploy":7490},{"date":"1976-08-01","pce":1158,"pop":218233,"psavert":11.7,"uempmed":7.9,"unemploy":7518},{"date":"1976-09-01","pce":1168.8,"pop":218440,"psavert":11.4,"uempmed":7.8,"unemploy":7380},{"date":"1976-10-01","pce":1176.8,"pop":218644,"psavert":11.1,"uempmed":7.7,"unemploy":7430},{"date":"1976-11-01","pce":1189,"pop":218834,"psavert":11.4,"uempmed":8.4,"unemploy":7620},{"date":"1976-12-01","pce":1211.5,"pop":219006,"psavert":10.6,"uempmed":8,"unemploy":7545},{"date":"1977-01-01","pce":1215,"pop":219179,"psavert":10.6,"uempmed":7.5,"unemploy":7280},{"date":"1977-02-01","pce":1231.3,"pop":219344,"psavert":9.3,"uempmed":7.2,"unemploy":7443},{"date":"1977-03-01","pce":1238.3,"pop":219504,"psavert":10.5,"uempmed":7.2,"unemploy":7307},{"date":"1977-04-01","pce":1247.3,"pop":219684,"psavert":10.5,"uempmed":7.3,"unemploy":7059},{"date":"1977-05-01","pce":1257.1,"pop":219859,"psavert":10.3,"uempmed":7.9,"unemploy":6911},{"date":"1977-06-01","pce":1263.6,"pop":220046,"psavert":10.6,"uempmed":6.2,"unemploy":7134},{"date":"1977-07-01","pce":1280.5,"pop":220239,"psavert":10.5,"uempmed":7.1,"unemploy":6829},{"date":"1977-08-01","pce":1285.7,"pop":220458,"psavert":10.9,"uempmed":7,"unemploy":6925},{"date":"1977-09-01","pce":1294.5,"pop":220688,"psavert":11.1,"uempmed":6.7,"unemploy":6751},{"date":"1977-10-01","pce":1311.4,"pop":220904,"psavert":11,"uempmed":6.9,"unemploy":6763},{"date":"1977-11-01","pce":1327,"pop":221109,"psavert":11.2,"uempmed":7,"unemploy":6815},{"date":"1977-12-01","pce":1336,"pop":221303,"psavert":11.4,"uempmed":6.8,"unemploy":6386},{"date":"1978-01-01","pce":1329.5,"pop":221477,"psavert":11.9,"uempmed":6.5,"unemploy":6489},{"date":"1978-02-01","pce":1355.1,"pop":221629,"psavert":11.1,"uempmed":6.7,"unemploy":6318},{"date":"1978-03-01","pce":1377.5,"pop":221792,"psavert":11,"uempmed":6.2,"unemploy":6337},{"date":"1978-04-01","pce":1396.4,"pop":221991,"psavert":10.8,"uempmed":6.1,"unemploy":6180},{"date":"1978-05-01","pce":1412,"pop":222176,"psavert":10.3,"uempmed":5.7,"unemploy":6127},{"date":"1978-06-01","pce":1425.8,"pop":222379,"psavert":10,"uempmed":6,"unemploy":6028},{"date":"1978-07-01","pce":1426.8,"pop":222585,"psavert":10.9,"uempmed":5.8,"unemploy":6309},{"date":"1978-08-01","pce":1447,"pop":222805,"psavert":10.5,"uempmed":5.8,"unemploy":6080},{"date":"1978-09-01","pce":1452.9,"pop":223053,"psavert":10.6,"uempmed":5.6,"unemploy":6125},{"date":"1978-10-01","pce":1466.9,"pop":223271,"psavert":10.7,"uempmed":5.9,"unemploy":5947},{"date":"1978-11-01","pce":1480.6,"pop":223477,"psavert":10.5,"uempmed":5.5,"unemploy":6077},{"date":"1978-12-01","pce":1496.5,"pop":223670,"psavert":10.4,"uempmed":5.6,"unemploy":6228},{"date":"1979-01-01","pce":1502.4,"pop":223865,"psavert":11.1,"uempmed":5.9,"unemploy":6109},{"date":"1979-02-01","pce":1517.8,"pop":224053,"psavert":11.1,"uempmed":5.9,"unemploy":6173},{"date":"1979-03-01","pce":1531.2,"pop":224235,"psavert":11.2,"uempmed":5.9,"unemploy":6109},{"date":"1979-04-01","pce":1538.4,"pop":224438,"psavert":11,"uempmed":5.4,"unemploy":6069},{"date":"1979-05-01","pce":1558.8,"pop":224632,"psavert":10.3,"uempmed":5.6,"unemploy":5840},{"date":"1979-06-01","pce":1575.7,"pop":224843,"psavert":9.9,"uempmed":5.6,"unemploy":5959},{"date":"1979-07-01","pce":1586.1,"pop":225055,"psavert":10.6,"uempmed":5.9,"unemploy":5996},{"date":"1979-08-01","pce":1615.6,"pop":225295,"psavert":9.7,"uempmed":4.8,"unemploy":6320},{"date":"1979-09-01","pce":1633.9,"pop":225547,"psavert":9.4,"uempmed":5.5,"unemploy":6190},{"date":"1979-10-01","pce":1641.6,"pop":225801,"psavert":9.7,"uempmed":5.5,"unemploy":6296},{"date":"1979-11-01","pce":1657.3,"pop":226027,"psavert":9.7,"uempmed":5.3,"unemploy":6238},{"date":"1979-12-01","pce":1666.3,"pop":226243,"psavert":10.1,"uempmed":5.7,"unemploy":6325},{"date":"1980-01-01","pce":1697.3,"pop":226451,"psavert":9.9,"uempmed":5.3,"unemploy":6683},{"date":"1980-02-01","pce":1701.4,"pop":226656,"psavert":10.1,"uempmed":5.8,"unemploy":6702},{"date":"1980-03-01","pce":1708.2,"pop":226849,"psavert":10.2,"uempmed":6,"unemploy":6729},{"date":"1980-04-01","pce":1695.2,"pop":227061,"psavert":11.3,"uempmed":5.8,"unemploy":7358},{"date":"1980-05-01","pce":1700.1,"pop":227251,"psavert":11.4,"uempmed":5.7,"unemploy":7984},{"date":"1980-06-01","pce":1718.8,"pop":227522,"psavert":11.2,"uempmed":6.4,"unemploy":8098},{"date":"1980-07-01","pce":1747.1,"pop":227726,"psavert":11.3,"uempmed":7,"unemploy":8363},{"date":"1980-08-01","pce":1763.8,"pop":227953,"psavert":11.3,"uempmed":7.5,"unemploy":8281},{"date":"1980-09-01","pce":1780.5,"pop":228186,"psavert":11.7,"uempmed":7.7,"unemploy":8021},{"date":"1980-10-01","pce":1817.1,"pop":228417,"psavert":11.3,"uempmed":7.5,"unemploy":8088},{"date":"1980-11-01","pce":1826.8,"pop":228612,"psavert":11.6,"uempmed":7.7,"unemploy":8023},{"date":"1980-12-01","pce":1851.7,"pop":228779,"psavert":11.4,"uempmed":7.5,"unemploy":7718},{"date":"1981-01-01","pce":1870,"pop":228937,"psavert":10.9,"uempmed":7.4,"unemploy":8071},{"date":"1981-02-01","pce":1884.2,"pop":229071,"psavert":10.8,"uempmed":7.1,"unemploy":8051},{"date":"1981-03-01","pce":1902.9,"pop":229224,"psavert":10.8,"uempmed":7.1,"unemploy":7982},{"date":"1981-04-01","pce":1904.4,"pop":229403,"psavert":10.9,"uempmed":7.4,"unemploy":7869},{"date":"1981-05-01","pce":1913.8,"pop":229575,"psavert":11,"uempmed":6.9,"unemploy":8174},{"date":"1981-06-01","pce":1934.5,"pop":229761,"psavert":10.8,"uempmed":6.6,"unemploy":8098},{"date":"1981-07-01","pce":1942.1,"pop":229966,"psavert":12.3,"uempmed":7.1,"unemploy":7863},{"date":"1981-08-01","pce":1966.6,"pop":230187,"psavert":12,"uempmed":7.2,"unemploy":8036},{"date":"1981-09-01","pce":1965.5,"pop":230412,"psavert":12.4,"uempmed":6.8,"unemploy":8230},{"date":"1981-10-01","pce":1963.9,"pop":230641,"psavert":13,"uempmed":6.8,"unemploy":8646},{"date":"1981-11-01","pce":1970.6,"pop":230822,"psavert":13.2,"uempmed":6.9,"unemploy":9029},{"date":"1981-12-01","pce":1988.8,"pop":230989,"psavert":12.5,"uempmed":6.9,"unemploy":9267},{"date":"1982-01-01","pce":1997.1,"pop":231157,"psavert":12.7,"uempmed":7.1,"unemploy":9397},{"date":"1982-02-01","pce":2021.2,"pop":231313,"psavert":12.1,"uempmed":7.5,"unemploy":9705},{"date":"1982-03-01","pce":2024.1,"pop":231470,"psavert":12.2,"uempmed":7.7,"unemploy":9895},{"date":"1982-04-01","pce":2026.3,"pop":231645,"psavert":12.9,"uempmed":8.1,"unemploy":10244},{"date":"1982-05-01","pce":2044.5,"pop":231809,"psavert":12.3,"uempmed":8.5,"unemploy":10335},{"date":"1982-06-01","pce":2048.1,"pop":231992,"psavert":12.3,"uempmed":9.5,"unemploy":10538},{"date":"1982-07-01","pce":2072.2,"pop":232188,"psavert":12.5,"uempmed":8.5,"unemploy":10849},{"date":"1982-08-01","pce":2080.1,"pop":232392,"psavert":12.6,"uempmed":8.7,"unemploy":10881},{"date":"1982-09-01","pce":2104.6,"pop":232599,"psavert":11.8,"uempmed":9.5,"unemploy":11217},{"date":"1982-10-01","pce":2125.8,"pop":232816,"psavert":11.3,"uempmed":9.7,"unemploy":11529},{"date":"1982-11-01","pce":2149.3,"pop":232993,"psavert":10.9,"uempmed":10,"unemploy":11938},{"date":"1982-12-01","pce":2161.6,"pop":233160,"psavert":10.9,"uempmed":10.2,"unemploy":12051},{"date":"1983-01-01","pce":2174,"pop":233322,"psavert":11.1,"uempmed":11.1,"unemploy":11534},{"date":"1983-02-01","pce":2177,"pop":233473,"psavert":11.1,"uempmed":9.8,"unemploy":11545},{"date":"1983-03-01","pce":2202.8,"pop":233613,"psavert":10.6,"uempmed":10.4,"unemploy":11408},{"date":"1983-04-01","pce":2226.4,"pop":233781,"psavert":10.3,"uempmed":10.9,"unemploy":11268},{"date":"1983-05-01","pce":2245.9,"pop":233922,"psavert":9.9,"uempmed":12.3,"unemploy":11154},{"date":"1983-06-01","pce":2276,"pop":234118,"psavert":9.1,"uempmed":11.3,"unemploy":11246},{"date":"1983-07-01","pce":2304.4,"pop":234307,"psavert":9.6,"uempmed":10.1,"unemploy":10548},{"date":"1983-08-01","pce":2320.4,"pop":234501,"psavert":9.2,"uempmed":9.3,"unemploy":10623},{"date":"1983-09-01","pce":2334.9,"pop":234701,"psavert":9.6,"uempmed":9.3,"unemploy":10282},{"date":"1983-10-01","pce":2357.6,"pop":234907,"psavert":9.7,"uempmed":9.4,"unemploy":9887},{"date":"1983-11-01","pce":2366.3,"pop":235078,"psavert":10.3,"uempmed":9.3,"unemploy":9499},{"date":"1983-12-01","pce":2393.6,"pop":235235,"psavert":10.1,"uempmed":8.7,"unemploy":9331},{"date":"1984-01-01","pce":2419.4,"pop":235385,"psavert":10,"uempmed":9.1,"unemploy":9008},{"date":"1984-02-01","pce":2403.5,"pop":235527,"psavert":11.7,"uempmed":8.3,"unemploy":8791},{"date":"1984-03-01","pce":2431.6,"pop":235675,"psavert":11.5,"uempmed":8.3,"unemploy":8746},{"date":"1984-04-01","pce":2457.5,"pop":235839,"psavert":11.5,"uempmed":8.2,"unemploy":8762},{"date":"1984-05-01","pce":2474.5,"pop":235993,"psavert":11.1,"uempmed":9.1,"unemploy":8456},{"date":"1984-06-01","pce":2495.6,"pop":236160,"psavert":11.1,"uempmed":7.5,"unemploy":8226},{"date":"1984-07-01","pce":2494.6,"pop":236348,"psavert":11.6,"uempmed":7.5,"unemploy":8537},{"date":"1984-08-01","pce":2512.2,"pop":236549,"psavert":11.8,"uempmed":7.3,"unemploy":8519},{"date":"1984-09-01","pce":2533.8,"pop":236760,"psavert":11.8,"uempmed":7.6,"unemploy":8367},{"date":"1984-10-01","pce":2531.3,"pop":236976,"psavert":11.7,"uempmed":7.2,"unemploy":8381},{"date":"1984-11-01","pce":2571.4,"pop":237159,"psavert":10.9,"uempmed":7.2,"unemploy":8198},{"date":"1984-12-01","pce":2582.6,"pop":237316,"psavert":11.2,"uempmed":7.3,"unemploy":8358},{"date":"1985-01-01","pce":2618.8,"pop":237468,"psavert":10.3,"uempmed":6.8,"unemploy":8423},{"date":"1985-02-01","pce":2640.8,"pop":237602,"psavert":9.1,"uempmed":7.1,"unemploy":8321},{"date":"1985-03-01","pce":2648.5,"pop":237732,"psavert":8.7,"uempmed":7.1,"unemploy":8339},{"date":"1985-04-01","pce":2659.5,"pop":237900,"psavert":9.9,"uempmed":6.9,"unemploy":8395},{"date":"1985-05-01","pce":2696.4,"pop":238074,"psavert":11.1,"uempmed":6.9,"unemploy":8302},{"date":"1985-06-01","pce":2689.4,"pop":238270,"psavert":9.6,"uempmed":6.6,"unemploy":8460},{"date":"1985-07-01","pce":2715.7,"pop":238466,"psavert":9.1,"uempmed":6.9,"unemploy":8513},{"date":"1985-08-01","pce":2752.1,"pop":238679,"psavert":8.2,"uempmed":7.1,"unemploy":8196},{"date":"1985-09-01","pce":2794.7,"pop":238898,"psavert":7.3,"uempmed":6.9,"unemploy":8248},{"date":"1985-10-01","pce":2755.8,"pop":239113,"psavert":9.1,"uempmed":7.1,"unemploy":8298},{"date":"1985-11-01","pce":2771.1,"pop":239307,"psavert":9,"uempmed":7,"unemploy":8128},{"date":"1985-12-01","pce":2811.3,"pop":239477,"psavert":8.6,"uempmed":6.8,"unemploy":8138},{"date":"1986-01-01","pce":2827.1,"pop":239638,"psavert":8.6,"uempmed":6.7,"unemploy":7795},{"date":"1986-02-01","pce":2820.2,"pop":239788,"psavert":9.3,"uempmed":6.9,"unemploy":8402},{"date":"1986-03-01","pce":2823.6,"pop":239928,"psavert":9.9,"uempmed":6.8,"unemploy":8383},{"date":"1986-04-01","pce":2835.2,"pop":240094,"psavert":9.7,"uempmed":6.7,"unemploy":8364},{"date":"1986-05-01","pce":2857.5,"pop":240271,"psavert":9.3,"uempmed":6.8,"unemploy":8439},{"date":"1986-06-01","pce":2861.7,"pop":240459,"psavert":9.4,"uempmed":7,"unemploy":8508},{"date":"1986-07-01","pce":2881.2,"pop":240651,"psavert":9.3,"uempmed":6.9,"unemploy":8319},{"date":"1986-08-01","pce":2898.6,"pop":240854,"psavert":9,"uempmed":7.1,"unemploy":8135},{"date":"1986-09-01","pce":2971.8,"pop":241068,"psavert":7.2,"uempmed":7.4,"unemploy":8310},{"date":"1986-10-01","pce":2932.9,"pop":241274,"psavert":8.4,"uempmed":7,"unemploy":8243},{"date":"1986-11-01","pce":2928.4,"pop":241467,"psavert":8.8,"uempmed":7.1,"unemploy":8159},{"date":"1986-12-01","pce":2997.1,"pop":241620,"psavert":7,"uempmed":7.1,"unemploy":7883},{"date":"1987-01-01","pce":2935.5,"pop":241784,"psavert":9.7,"uempmed":6.9,"unemploy":7892},{"date":"1987-02-01","pce":3001.7,"pop":241930,"psavert":8.5,"uempmed":6.6,"unemploy":7865},{"date":"1987-03-01","pce":3013.3,"pop":242079,"psavert":8.5,"uempmed":6.6,"unemploy":7862},{"date":"1987-04-01","pce":3038.8,"pop":242252,"psavert":4.5,"uempmed":7.1,"unemploy":7542},{"date":"1987-05-01","pce":3048.4,"pop":242423,"psavert":8.2,"uempmed":6.6,"unemploy":7574},{"date":"1987-06-01","pce":3072.8,"pop":242608,"psavert":7.7,"uempmed":6.5,"unemploy":7398},{"date":"1987-07-01","pce":3094.7,"pop":242804,"psavert":7.5,"uempmed":6.5,"unemploy":7268},{"date":"1987-08-01","pce":3130.8,"pop":243012,"psavert":7.2,"uempmed":6.4,"unemploy":7261},{"date":"1987-09-01","pce":3126.5,"pop":243223,"psavert":7.6,"uempmed":6,"unemploy":7102},{"date":"1987-10-01","pce":3134.5,"pop":243446,"psavert":8.3,"uempmed":6.3,"unemploy":7227},{"date":"1987-11-01","pce":3144.2,"pop":243639,"psavert":8.5,"uempmed":6.2,"unemploy":7035},{"date":"1987-12-01","pce":3174.1,"pop":243809,"psavert":8.7,"uempmed":6,"unemploy":6936},{"date":"1988-01-01","pce":3213.7,"pop":243981,"psavert":8.1,"uempmed":6.2,"unemploy":6953},{"date":"1988-02-01","pce":3221.4,"pop":244131,"psavert":8.6,"uempmed":6.3,"unemploy":6929},{"date":"1988-03-01","pce":3260.5,"pop":244279,"psavert":8.2,"uempmed":6.4,"unemploy":6876},{"date":"1988-04-01","pce":3263,"pop":244445,"psavert":8.8,"uempmed":5.9,"unemploy":6601},{"date":"1988-05-01","pce":3293.6,"pop":244610,"psavert":8.4,"uempmed":5.9,"unemploy":6779},{"date":"1988-06-01","pce":3318.5,"pop":244806,"psavert":8.4,"uempmed":5.8,"unemploy":6546},{"date":"1988-07-01","pce":3342.7,"pop":245021,"psavert":8.6,"uempmed":6.1,"unemploy":6605},{"date":"1988-08-01","pce":3368,"pop":245240,"psavert":8.4,"uempmed":5.9,"unemploy":6843},{"date":"1988-09-01","pce":3375,"pop":245464,"psavert":8.9,"uempmed":5.7,"unemploy":6604},{"date":"1988-10-01","pce":3413.7,"pop":245693,"psavert":8.6,"uempmed":5.6,"unemploy":6568},{"date":"1988-11-01","pce":3430.2,"pop":245884,"psavert":8.4,"uempmed":5.7,"unemploy":6537},{"date":"1988-12-01","pce":3459.7,"pop":246056,"psavert":8.3,"uempmed":5.9,"unemploy":6518},{"date":"1989-01-01","pce":3483.7,"pop":246224,"psavert":8.5,"uempmed":5.6,"unemploy":6682},{"date":"1989-02-01","pce":3488,"pop":246378,"psavert":9,"uempmed":5.4,"unemploy":6359},{"date":"1989-03-01","pce":3498.8,"pop":246530,"psavert":9.5,"uempmed":5.4,"unemploy":6205},{"date":"1989-04-01","pce":3543,"pop":246721,"psavert":8.4,"uempmed":5.4,"unemploy":6468},{"date":"1989-05-01","pce":3551.8,"pop":246906,"psavert":8.1,"uempmed":5.3,"unemploy":6375},{"date":"1989-06-01","pce":3566.6,"pop":247114,"psavert":8.2,"uempmed":5.4,"unemploy":6577},{"date":"1989-07-01","pce":3585.7,"pop":247342,"psavert":8.2,"uempmed":5.6,"unemploy":6495},{"date":"1989-08-01","pce":3620.6,"pop":247573,"psavert":7.6,"uempmed":5,"unemploy":6511},{"date":"1989-09-01","pce":3621.9,"pop":247816,"psavert":8.1,"uempmed":4.9,"unemploy":6590},{"date":"1989-10-01","pce":3633.6,"pop":248067,"psavert":8.5,"uempmed":4.9,"unemploy":6630},{"date":"1989-11-01","pce":3643.3,"pop":248281,"psavert":8.6,"uempmed":4.8,"unemploy":6725},{"date":"1989-12-01","pce":3684.2,"pop":248479,"psavert":7.8,"uempmed":4.9,"unemploy":6667},{"date":"1990-01-01","pce":3730.7,"pop":248659,"psavert":8,"uempmed":5.1,"unemploy":6752},{"date":"1990-02-01","pce":3728.2,"pop":248827,"psavert":8.6,"uempmed":5.3,"unemploy":6651},{"date":"1990-03-01","pce":3754.9,"pop":249012,"psavert":8.3,"uempmed":5.1,"unemploy":6598},{"date":"1990-04-01","pce":3770,"pop":249306,"psavert":8.8,"uempmed":4.8,"unemploy":6797},{"date":"1990-05-01","pce":3775.8,"pop":249565,"psavert":8.7,"uempmed":5.2,"unemploy":6742},{"date":"1990-06-01","pce":3804.5,"pop":249849,"psavert":8.6,"uempmed":5.2,"unemploy":6590},{"date":"1990-07-01","pce":3821.7,"pop":250132,"psavert":8.7,"uempmed":5.4,"unemploy":6922},{"date":"1990-08-01","pce":3848.3,"pop":250439,"psavert":8.1,"uempmed":5.4,"unemploy":7188},{"date":"1990-09-01","pce":3870.1,"pop":250751,"psavert":8.1,"uempmed":5.6,"unemploy":7368},{"date":"1990-10-01","pce":3870.6,"pop":251057,"psavert":7.8,"uempmed":5.8,"unemploy":7459},{"date":"1990-11-01","pce":3871.9,"pop":251346,"psavert":7.9,"uempmed":5.7,"unemploy":7764},{"date":"1990-12-01","pce":3861.3,"pop":251626,"psavert":8.8,"uempmed":5.9,"unemploy":7901},{"date":"1991-01-01","pce":3841,"pop":251889,"psavert":9.3,"uempmed":6,"unemploy":8015},{"date":"1991-02-01","pce":3866.7,"pop":252135,"psavert":8.8,"uempmed":6.2,"unemploy":8265},{"date":"1991-03-01","pce":3913,"pop":252372,"psavert":8,"uempmed":6.7,"unemploy":8586},{"date":"1991-04-01","pce":3907.1,"pop":252643,"psavert":8.6,"uempmed":6.6,"unemploy":8439},{"date":"1991-05-01","pce":3933.2,"pop":252913,"psavert":8.4,"uempmed":6.4,"unemploy":8736},{"date":"1991-06-01","pce":3940.5,"pop":253207,"psavert":8.9,"uempmed":6.9,"unemploy":8692},{"date":"1991-07-01","pce":3966,"pop":253493,"psavert":8.2,"uempmed":7,"unemploy":8586},{"date":"1991-08-01","pce":3969.1,"pop":253807,"psavert":8.6,"uempmed":7.3,"unemploy":8666},{"date":"1991-09-01","pce":3984.7,"pop":254126,"psavert":8.8,"uempmed":6.8,"unemploy":8722},{"date":"1991-10-01","pce":3976,"pop":254435,"psavert":9.3,"uempmed":7.2,"unemploy":8842},{"date":"1991-11-01","pce":4003.6,"pop":254718,"psavert":9,"uempmed":7.5,"unemploy":8931},{"date":"1991-12-01","pce":4020.5,"pop":254964,"psavert":9.7,"uempmed":7.8,"unemploy":9198},{"date":"1992-01-01","pce":4084.7,"pop":255214,"psavert":9.4,"uempmed":8.1,"unemploy":9283},{"date":"1992-02-01","pce":4099.5,"pop":255448,"psavert":9.8,"uempmed":8.2,"unemploy":9454},{"date":"1992-03-01","pce":4117,"pop":255703,"psavert":9.7,"uempmed":8.3,"unemploy":9460},{"date":"1992-04-01","pce":4131.5,"pop":255992,"psavert":9.9,"uempmed":8.5,"unemploy":9415},{"date":"1992-05-01","pce":4158.4,"pop":256285,"psavert":9.9,"uempmed":8.8,"unemploy":9744},{"date":"1992-06-01","pce":4177.1,"pop":256589,"psavert":10.1,"uempmed":8.7,"unemploy":10040},{"date":"1992-07-01","pce":4204.8,"pop":256894,"psavert":9.6,"uempmed":8.6,"unemploy":9850},{"date":"1992-08-01","pce":4220.9,"pop":257232,"psavert":9.7,"uempmed":8.8,"unemploy":9787},{"date":"1992-09-01","pce":4255.3,"pop":257548,"psavert":8.7,"uempmed":8.6,"unemploy":9781},{"date":"1992-10-01","pce":4284.7,"pop":257861,"psavert":8,"uempmed":9,"unemploy":9398},{"date":"1992-11-01","pce":4300.5,"pop":258147,"psavert":8,"uempmed":9,"unemploy":9565},{"date":"1992-12-01","pce":4336.4,"pop":258413,"psavert":10.6,"uempmed":9.3,"unemploy":9557},{"date":"1993-01-01","pce":4340.7,"pop":258679,"psavert":8.6,"uempmed":8.6,"unemploy":9325},{"date":"1993-02-01","pce":4355.3,"pop":258919,"psavert":8.9,"uempmed":8.5,"unemploy":9183},{"date":"1993-03-01","pce":4352.5,"pop":259152,"psavert":8.9,"uempmed":8.5,"unemploy":9056},{"date":"1993-04-01","pce":4393.4,"pop":259414,"psavert":8.7,"uempmed":8.4,"unemploy":9110},{"date":"1993-05-01","pce":4422.4,"pop":259680,"psavert":8.3,"uempmed":8.1,"unemploy":9149},{"date":"1993-06-01","pce":4440,"pop":259963,"psavert":7.8,"uempmed":8.3,"unemploy":9121},{"date":"1993-07-01","pce":4468.9,"pop":260255,"psavert":7.6,"uempmed":8.2,"unemploy":8930},{"date":"1993-08-01","pce":4481.1,"pop":260566,"psavert":7.7,"uempmed":8.2,"unemploy":8763},{"date":"1993-09-01","pce":4511.5,"pop":260867,"psavert":6.9,"uempmed":8.3,"unemploy":8714},{"date":"1993-10-01","pce":4532.8,"pop":261163,"psavert":6.3,"uempmed":8,"unemploy":8750},{"date":"1993-11-01","pce":4554.1,"pop":261425,"psavert":6.3,"uempmed":8.3,"unemploy":8542},{"date":"1993-12-01","pce":4571.1,"pop":261674,"psavert":9.1,"uempmed":8.3,"unemploy":8477},{"date":"1994-01-01","pce":4585.1,"pop":261919,"psavert":7.1,"uempmed":8.6,"unemploy":8630},{"date":"1994-02-01","pce":4632.6,"pop":262123,"psavert":6.5,"uempmed":9.2,"unemploy":8583},{"date":"1994-03-01","pce":4646,"pop":262352,"psavert":6.8,"uempmed":9.3,"unemploy":8470},{"date":"1994-04-01","pce":4671.1,"pop":262631,"psavert":6.4,"uempmed":9.1,"unemploy":8331},{"date":"1994-05-01","pce":4669.5,"pop":262877,"psavert":7.6,"uempmed":9.2,"unemploy":7915},{"date":"1994-06-01","pce":4708.9,"pop":263152,"psavert":6.9,"uempmed":9.3,"unemploy":7927},{"date":"1994-07-01","pce":4720.6,"pop":263436,"psavert":7,"uempmed":9,"unemploy":7946},{"date":"1994-08-01","pce":4762.6,"pop":263724,"psavert":6.5,"uempmed":8.9,"unemploy":7933},{"date":"1994-09-01","pce":4775,"pop":264017,"psavert":6.8,"uempmed":9.2,"unemploy":7734},{"date":"1994-10-01","pce":4812.9,"pop":264301,"psavert":7.1,"uempmed":10,"unemploy":7632},{"date":"1994-11-01","pce":4825.6,"pop":264559,"psavert":7,"uempmed":9,"unemploy":7375},{"date":"1994-12-01","pce":4841.6,"pop":264804,"psavert":7.2,"uempmed":8.7,"unemploy":7230},{"date":"1995-01-01","pce":4851.2,"pop":265044,"psavert":7.5,"uempmed":8,"unemploy":7375},{"date":"1995-02-01","pce":4850.8,"pop":265270,"psavert":7.8,"uempmed":8.1,"unemploy":7187},{"date":"1995-03-01","pce":4885.4,"pop":265495,"psavert":7.5,"uempmed":8.3,"unemploy":7153},{"date":"1995-04-01","pce":4890.2,"pop":265755,"psavert":6.9,"uempmed":8.3,"unemploy":7645},{"date":"1995-05-01","pce":4933.1,"pop":265998,"psavert":7.1,"uempmed":9.1,"unemploy":7430},{"date":"1995-06-01","pce":4977.5,"pop":266270,"psavert":6.7,"uempmed":7.9,"unemploy":7427},{"date":"1995-07-01","pce":4970.2,"pop":266557,"psavert":7.1,"uempmed":8.5,"unemploy":7527},{"date":"1995-08-01","pce":5005.3,"pop":266843,"psavert":6.7,"uempmed":8.3,"unemploy":7484},{"date":"1995-09-01","pce":5020.5,"pop":267152,"psavert":6.8,"uempmed":7.9,"unemploy":7478},{"date":"1995-10-01","pce":5013.9,"pop":267456,"psavert":7.1,"uempmed":8.2,"unemploy":7328},{"date":"1995-11-01","pce":5055.6,"pop":267715,"psavert":6.6,"uempmed":8,"unemploy":7426},{"date":"1995-12-01","pce":5097.5,"pop":267943,"psavert":6.1,"uempmed":8.3,"unemploy":7423},{"date":"1996-01-01","pce":5085.7,"pop":268151,"psavert":6.7,"uempmed":8.3,"unemploy":7491},{"date":"1996-02-01","pce":5132.8,"pop":268364,"psavert":6.7,"uempmed":7.8,"unemploy":7313},{"date":"1996-03-01","pce":5173.3,"pop":268595,"psavert":6.6,"uempmed":8.3,"unemploy":7318},{"date":"1996-04-01","pce":5208,"pop":268853,"psavert":5.7,"uempmed":8.6,"unemploy":7415},{"date":"1996-05-01","pce":5223.8,"pop":269108,"psavert":6.7,"uempmed":8.6,"unemploy":7423},{"date":"1996-06-01","pce":5229.8,"pop":269386,"psavert":7.1,"uempmed":8.3,"unemploy":7095},{"date":"1996-07-01","pce":5251.9,"pop":269667,"psavert":6.7,"uempmed":8.3,"unemploy":7337},{"date":"1996-08-01","pce":5275,"pop":269976,"psavert":6.6,"uempmed":8.4,"unemploy":6882},{"date":"1996-09-01","pce":5296.6,"pop":270284,"psavert":6.7,"uempmed":8.5,"unemploy":6979},{"date":"1996-10-01","pce":5328.5,"pop":270581,"psavert":6.4,"uempmed":8.3,"unemploy":7031},{"date":"1996-11-01","pce":5351.2,"pop":270878,"psavert":6.4,"uempmed":7.7,"unemploy":7236},{"date":"1996-12-01","pce":5378.6,"pop":271125,"psavert":6.4,"uempmed":7.8,"unemploy":7253},{"date":"1997-01-01","pce":5411.1,"pop":271360,"psavert":6.2,"uempmed":7.8,"unemploy":7158},{"date":"1997-02-01","pce":5434,"pop":271585,"psavert":6.2,"uempmed":8.1,"unemploy":7102},{"date":"1997-03-01","pce":5454.2,"pop":271821,"psavert":6.4,"uempmed":7.9,"unemploy":7000},{"date":"1997-04-01","pce":5459.3,"pop":272083,"psavert":6.5,"uempmed":8.3,"unemploy":6873},{"date":"1997-05-01","pce":5460.2,"pop":272342,"psavert":6.8,"uempmed":8,"unemploy":6655},{"date":"1997-06-01","pce":5494.2,"pop":272622,"psavert":6.6,"uempmed":8,"unemploy":6799},{"date":"1997-07-01","pce":5548.8,"pop":272912,"psavert":6.1,"uempmed":8.3,"unemploy":6655},{"date":"1997-08-01","pce":5587,"pop":273237,"psavert":6,"uempmed":7.8,"unemploy":6608},{"date":"1997-09-01","pce":5601.7,"pop":273553,"psavert":6.2,"uempmed":8.2,"unemploy":6656},{"date":"1997-10-01","pce":5637.7,"pop":273852,"psavert":6.2,"uempmed":7.7,"unemploy":6454},{"date":"1997-11-01","pce":5661.1,"pop":274126,"psavert":6.4,"uempmed":7.6,"unemploy":6308},{"date":"1997-12-01","pce":5692.1,"pop":274372,"psavert":6.4,"uempmed":7.5,"unemploy":6476},{"date":"1998-01-01","pce":5689.9,"pop":274626,"psavert":7.4,"uempmed":7.4,"unemploy":6368},{"date":"1998-02-01","pce":5723.8,"pop":274838,"psavert":7.4,"uempmed":7,"unemploy":6306},{"date":"1998-03-01","pce":5750.3,"pop":275047,"psavert":7.5,"uempmed":6.8,"unemploy":6422},{"date":"1998-04-01","pce":5788.1,"pop":275304,"psavert":7.2,"uempmed":6.7,"unemploy":5941},{"date":"1998-05-01","pce":5837.9,"pop":275564,"psavert":6.9,"uempmed":6,"unemploy":6047},{"date":"1998-06-01","pce":5871.7,"pop":275836,"psavert":6.8,"uempmed":6.9,"unemploy":6212},{"date":"1998-07-01","pce":5890,"pop":276115,"psavert":6.9,"uempmed":6.7,"unemploy":6259},{"date":"1998-08-01","pce":5925,"pop":276418,"psavert":6.8,"uempmed":6.8,"unemploy":6179},{"date":"1998-09-01","pce":5965.6,"pop":276714,"psavert":6.4,"uempmed":6.7,"unemploy":6300},{"date":"1998-10-01","pce":5998.8,"pop":277003,"psavert":6.2,"uempmed":5.8,"unemploy":6280},{"date":"1998-11-01","pce":6015.4,"pop":277277,"psavert":6.3,"uempmed":6.6,"unemploy":6100},{"date":"1998-12-01","pce":6070.5,"pop":277526,"psavert":5.8,"uempmed":6.8,"unemploy":6032},{"date":"1999-01-01","pce":6072.9,"pop":277790,"psavert":6.4,"uempmed":6.9,"unemploy":5976},{"date":"1999-02-01","pce":6101.8,"pop":277992,"psavert":6.2,"uempmed":6.8,"unemploy":6111},{"date":"1999-03-01","pce":6132.9,"pop":278198,"psavert":5.9,"uempmed":6.8,"unemploy":5783},{"date":"1999-04-01","pce":6196.2,"pop":278451,"psavert":5.2,"uempmed":6.2,"unemploy":6004},{"date":"1999-05-01","pce":6225.7,"pop":278717,"psavert":4.9,"uempmed":6.5,"unemploy":5796},{"date":"1999-06-01","pce":6254,"pop":279001,"psavert":4.8,"uempmed":6.3,"unemploy":5951},{"date":"1999-07-01","pce":6281.5,"pop":279295,"psavert":4.8,"uempmed":5.8,"unemploy":6025},{"date":"1999-08-01","pce":6326.5,"pop":279602,"psavert":4.7,"uempmed":6.5,"unemploy":5838},{"date":"1999-09-01","pce":6378.8,"pop":279903,"psavert":4.2,"uempmed":6,"unemploy":5915},{"date":"1999-10-01","pce":6402.1,"pop":280203,"psavert":4.6,"uempmed":6.1,"unemploy":5778},{"date":"1999-11-01","pce":6437.9,"pop":280471,"psavert":4.8,"uempmed":6.2,"unemploy":5716},{"date":"1999-12-01","pce":6538.7,"pop":280716,"psavert":4.4,"uempmed":5.8,"unemploy":5653},{"date":"2000-01-01","pce":6535.3,"pop":280976,"psavert":5.4,"uempmed":5.8,"unemploy":5708},{"date":"2000-02-01","pce":6619.7,"pop":281190,"psavert":4.8,"uempmed":6.1,"unemploy":5858},{"date":"2000-03-01","pce":6685.8,"pop":281409,"psavert":4.5,"uempmed":6,"unemploy":5733},{"date":"2000-04-01","pce":6671.1,"pop":281653,"psavert":5,"uempmed":6.1,"unemploy":5481},{"date":"2000-05-01","pce":6707.6,"pop":281877,"psavert":4.9,"uempmed":5.8,"unemploy":5758},{"date":"2000-06-01","pce":6743.9,"pop":282126,"psavert":4.9,"uempmed":5.7,"unemploy":5651},{"date":"2000-07-01","pce":6764.1,"pop":282385,"psavert":5.2,"uempmed":6,"unemploy":5747},{"date":"2000-08-01","pce":6799.1,"pop":282653,"psavert":5.2,"uempmed":6.3,"unemploy":5853},{"date":"2000-09-01","pce":6882.9,"pop":282932,"psavert":4.5,"uempmed":5.2,"unemploy":5625},{"date":"2000-10-01","pce":6888.2,"pop":283201,"psavert":4.6,"uempmed":6.1,"unemploy":5534},{"date":"2000-11-01","pce":6902.4,"pop":283453,"psavert":4.5,"uempmed":6.1,"unemploy":5639},{"date":"2000-12-01","pce":6945.7,"pop":283696,"psavert":4.2,"uempmed":6,"unemploy":5634},{"date":"2001-01-01","pce":6977,"pop":283920,"psavert":4.8,"uempmed":5.8,"unemploy":6023},{"date":"2001-02-01","pce":6995.8,"pop":284137,"psavert":4.9,"uempmed":6.1,"unemploy":6089},{"date":"2001-03-01","pce":6987.9,"pop":284350,"psavert":5.3,"uempmed":6.6,"unemploy":6141},{"date":"2001-04-01","pce":7001.2,"pop":284581,"psavert":5,"uempmed":5.9,"unemploy":6271},{"date":"2001-05-01","pce":7047.1,"pop":284810,"psavert":4.5,"uempmed":6.3,"unemploy":6226},{"date":"2001-06-01","pce":7060.7,"pop":285062,"psavert":4.5,"uempmed":6,"unemploy":6484},{"date":"2001-07-01","pce":7072.2,"pop":285309,"psavert":5.6,"uempmed":6.8,"unemploy":6583},{"date":"2001-08-01","pce":7108.9,"pop":285570,"psavert":6.8,"uempmed":6.9,"unemploy":7042},{"date":"2001-09-01","pce":7012.8,"pop":285843,"psavert":7,"uempmed":7.2,"unemploy":7142},{"date":"2001-10-01","pce":7208.4,"pop":286098,"psavert":3.4,"uempmed":7.3,"unemploy":7694},{"date":"2001-11-01","pce":7167.9,"pop":286341,"psavert":4.1,"uempmed":7.7,"unemploy":8003},{"date":"2001-12-01","pce":7147.7,"pop":286570,"psavert":4.5,"uempmed":8.2,"unemploy":8258},{"date":"2002-01-01","pce":7174.3,"pop":286788,"psavert":6.1,"uempmed":8.4,"unemploy":8182},{"date":"2002-02-01","pce":7218.3,"pop":286994,"psavert":5.8,"uempmed":8.3,"unemploy":8215},{"date":"2002-03-01","pce":7237.2,"pop":287190,"psavert":5.9,"uempmed":8.4,"unemploy":8304},{"date":"2002-04-01","pce":7305.4,"pop":287397,"psavert":5.8,"uempmed":8.9,"unemploy":8599},{"date":"2002-05-01","pce":7282.7,"pop":287623,"psavert":6.5,"uempmed":9.5,"unemploy":8399},{"date":"2002-06-01","pce":7318.2,"pop":287864,"psavert":6.4,"uempmed":11,"unemploy":8393},{"date":"2002-07-01","pce":7380.4,"pop":288105,"psavert":5.5,"uempmed":8.9,"unemploy":8390},{"date":"2002-08-01","pce":7401.5,"pop":288360,"psavert":5.4,"uempmed":9,"unemploy":8304},{"date":"2002-09-01","pce":7391,"pop":288618,"psavert":5.7,"uempmed":9.5,"unemploy":8251},{"date":"2002-10-01","pce":7430.7,"pop":288870,"psavert":5.7,"uempmed":9.6,"unemploy":8307},{"date":"2002-11-01","pce":7459.7,"pop":289106,"psavert":5.7,"uempmed":9.3,"unemploy":8520},{"date":"2002-12-01","pce":7512.8,"pop":289313,"psavert":5.5,"uempmed":9.6,"unemploy":8640},{"date":"2003-01-01","pce":7533.1,"pop":289518,"psavert":5.5,"uempmed":9.6,"unemploy":8520},{"date":"2003-02-01","pce":7535.9,"pop":289714,"psavert":5.6,"uempmed":9.5,"unemploy":8618},{"date":"2003-03-01","pce":7598.4,"pop":289911,"psavert":5.3,"uempmed":9.7,"unemploy":8588},{"date":"2003-04-01","pce":7621,"pop":290125,"psavert":5.3,"uempmed":10.2,"unemploy":8842},{"date":"2003-05-01","pce":7628.1,"pop":290346,"psavert":5.8,"uempmed":9.9,"unemploy":8957},{"date":"2003-06-01","pce":7678.6,"pop":290584,"psavert":5.6,"uempmed":11.5,"unemploy":9266},{"date":"2003-07-01","pce":7738.2,"pop":290820,"psavert":6.3,"uempmed":10.3,"unemploy":9011},{"date":"2003-08-01","pce":7834.5,"pop":291072,"psavert":6,"uempmed":10.1,"unemploy":8896},{"date":"2003-09-01","pce":7835,"pop":291321,"psavert":5.2,"uempmed":10.2,"unemploy":8921},{"date":"2003-10-01","pce":7845.7,"pop":291574,"psavert":5.3,"uempmed":10.4,"unemploy":8732},{"date":"2003-11-01","pce":7899.6,"pop":291807,"psavert":5.4,"uempmed":10.3,"unemploy":8576},{"date":"2003-12-01","pce":7929.2,"pop":292008,"psavert":5.4,"uempmed":10.4,"unemploy":8317},{"date":"2004-01-01","pce":7987.4,"pop":292192,"psavert":5,"uempmed":10.6,"unemploy":8370},{"date":"2004-02-01","pce":8019.8,"pop":292368,"psavert":5,"uempmed":10.2,"unemploy":8167},{"date":"2004-03-01","pce":8076,"pop":292561,"psavert":4.9,"uempmed":10.2,"unemploy":8491},{"date":"2004-04-01","pce":8088.6,"pop":292779,"psavert":5.3,"uempmed":9.5,"unemploy":8170},{"date":"2004-05-01","pce":8163.2,"pop":292997,"psavert":5.3,"uempmed":9.9,"unemploy":8212},{"date":"2004-06-01","pce":8147.2,"pop":293223,"psavert":5.8,"uempmed":11,"unemploy":8286},{"date":"2004-07-01","pce":8218.9,"pop":293463,"psavert":5.3,"uempmed":8.9,"unemploy":8136},{"date":"2004-08-01","pce":8253.1,"pop":293719,"psavert":5.2,"uempmed":9.2,"unemploy":7990},{"date":"2004-09-01","pce":8321.1,"pop":293971,"psavert":4.6,"uempmed":9.6,"unemploy":7927},{"date":"2004-10-01","pce":8374.6,"pop":294230,"psavert":4.5,"uempmed":9.5,"unemploy":8061},{"date":"2004-11-01","pce":8420.6,"pop":294466,"psavert":4.1,"uempmed":9.7,"unemploy":7932},{"date":"2004-12-01","pce":8481.5,"pop":294694,"psavert":6.9,"uempmed":9.5,"unemploy":7934},{"date":"2005-01-01","pce":8470.2,"pop":294914,"psavert":3.7,"uempmed":9.4,"unemploy":7784},{"date":"2005-02-01","pce":8529.2,"pop":295105,"psavert":3.4,"uempmed":9.2,"unemploy":7980},{"date":"2005-03-01","pce":8569.5,"pop":295287,"psavert":3.6,"uempmed":9.3,"unemploy":7737},{"date":"2005-04-01","pce":8645.6,"pop":295490,"psavert":3.1,"uempmed":9,"unemploy":7672},{"date":"2005-05-01","pce":8643.9,"pop":295704,"psavert":3.5,"uempmed":9.1,"unemploy":7651},{"date":"2005-06-01","pce":8724.8,"pop":295936,"psavert":2.9,"uempmed":9,"unemploy":7524},{"date":"2005-07-01","pce":8829.5,"pop":296186,"psavert":2.2,"uempmed":8.8,"unemploy":7406},{"date":"2005-08-01","pce":8832.4,"pop":296440,"psavert":2.7,"uempmed":9.2,"unemploy":7345},{"date":"2005-09-01","pce":8885.8,"pop":296707,"psavert":2.7,"uempmed":8.4,"unemploy":7553},{"date":"2005-10-01","pce":8926.6,"pop":296972,"psavert":3.1,"uempmed":8.6,"unemploy":7453},{"date":"2005-11-01","pce":8938.5,"pop":297207,"psavert":3.5,"uempmed":8.5,"unemploy":7566},{"date":"2005-12-01","pce":8969.6,"pop":297431,"psavert":3.7,"uempmed":8.7,"unemploy":7279},{"date":"2006-01-01","pce":9059.8,"pop":297647,"psavert":4.2,"uempmed":8.6,"unemploy":7064},{"date":"2006-02-01","pce":9090.1,"pop":297854,"psavert":4.2,"uempmed":9.1,"unemploy":7184},{"date":"2006-03-01","pce":9122.1,"pop":298060,"psavert":4.2,"uempmed":8.7,"unemploy":7072},{"date":"2006-04-01","pce":9174.8,"pop":298281,"psavert":4,"uempmed":8.4,"unemploy":7120},{"date":"2006-05-01","pce":9215.1,"pop":298496,"psavert":3.8,"uempmed":8.5,"unemploy":6980},{"date":"2006-06-01","pce":9240.8,"pop":298739,"psavert":4,"uempmed":7.3,"unemploy":7001},{"date":"2006-07-01","pce":9322.6,"pop":298996,"psavert":3.4,"uempmed":8,"unemploy":7175},{"date":"2006-08-01","pce":9321.8,"pop":299263,"psavert":3.6,"uempmed":8.4,"unemploy":7091},{"date":"2006-09-01","pce":9354.7,"pop":299554,"psavert":3.6,"uempmed":8,"unemploy":6847},{"date":"2006-10-01","pce":9373.2,"pop":299835,"psavert":3.6,"uempmed":7.9,"unemploy":6727},{"date":"2006-11-01","pce":9380.2,"pop":300094,"psavert":3.9,"uempmed":8.3,"unemploy":6872},{"date":"2006-12-01","pce":9469,"pop":300340,"psavert":3.7,"uempmed":7.5,"unemploy":6762},{"date":"2007-01-01","pce":9516.3,"pop":300574,"psavert":3.7,"uempmed":8.3,"unemploy":7116},{"date":"2007-02-01","pce":9546.8,"pop":300802,"psavert":4.1,"uempmed":8.5,"unemploy":6927},{"date":"2007-03-01","pce":9585.1,"pop":301021,"psavert":4.4,"uempmed":9.1,"unemploy":6731},{"date":"2007-04-01","pce":9615.7,"pop":301254,"psavert":4.2,"uempmed":8.6,"unemploy":6850},{"date":"2007-05-01","pce":9651.3,"pop":301483,"psavert":4,"uempmed":8.2,"unemploy":6766},{"date":"2007-06-01","pce":9667.3,"pop":301739,"psavert":3.8,"uempmed":7.7,"unemploy":6979},{"date":"2007-07-01","pce":9709.6,"pop":302004,"psavert":3.7,"uempmed":8.7,"unemploy":7149},{"date":"2007-08-01","pce":9753.9,"pop":302267,"psavert":3.4,"uempmed":8.8,"unemploy":7067},{"date":"2007-09-01","pce":9797.9,"pop":302546,"psavert":3.5,"uempmed":8.7,"unemploy":7170},{"date":"2007-10-01","pce":9827,"pop":302807,"psavert":3.4,"uempmed":8.4,"unemploy":7237},{"date":"2007-11-01","pce":9897.8,"pop":303054,"psavert":3.1,"uempmed":8.6,"unemploy":7240},{"date":"2007-12-01","pce":9908.4,"pop":303287,"psavert":3.6,"uempmed":8.4,"unemploy":7645},{"date":"2008-01-01","pce":9930,"pop":303506,"psavert":3.7,"uempmed":9,"unemploy":7685},{"date":"2008-02-01","pce":9913.4,"pop":303711,"psavert":4.1,"uempmed":8.7,"unemploy":7497},{"date":"2008-03-01","pce":9959.4,"pop":303907,"psavert":4,"uempmed":8.7,"unemploy":7822},{"date":"2008-04-01","pce":9996.8,"pop":304117,"psavert":3.4,"uempmed":9.4,"unemploy":7637},{"date":"2008-05-01","pce":10053.8,"pop":304323,"psavert":7.8,"uempmed":7.9,"unemploy":8395},{"date":"2008-06-01","pce":10107.9,"pop":304556,"psavert":5.5,"uempmed":9,"unemploy":8575},{"date":"2008-07-01","pce":10104.7,"pop":304798,"psavert":4.4,"uempmed":9.7,"unemploy":8937},{"date":"2008-08-01","pce":10094.7,"pop":305045,"psavert":3.8,"uempmed":9.7,"unemploy":9438},{"date":"2008-09-01","pce":10043.5,"pop":305309,"psavert":4.7,"uempmed":10.2,"unemploy":9494},{"date":"2008-10-01","pce":9960.3,"pop":305554,"psavert":5.5,"uempmed":10.4,"unemploy":10074},{"date":"2008-11-01","pce":9820.8,"pop":305786,"psavert":6.4,"uempmed":9.8,"unemploy":10538},{"date":"2008-12-01","pce":9730.7,"pop":306004,"psavert":6.4,"uempmed":10.5,"unemploy":11286},{"date":"2009-01-01","pce":9783.8,"pop":306208,"psavert":6.2,"uempmed":10.7,"unemploy":12058},{"date":"2009-02-01","pce":9766,"pop":306402,"psavert":5.5,"uempmed":11.7,"unemploy":12898},{"date":"2009-03-01","pce":9718.5,"pop":306588,"psavert":5.9,"uempmed":12.3,"unemploy":13426},{"date":"2009-04-01","pce":9724.8,"pop":306787,"psavert":6.8,"uempmed":13.1,"unemploy":13853},{"date":"2009-05-01","pce":9748.9,"pop":306984,"psavert":8.2,"uempmed":14.2,"unemploy":14499},{"date":"2009-06-01","pce":9806.9,"pop":307206,"psavert":6.7,"uempmed":17.2,"unemploy":14707},{"date":"2009-07-01","pce":9841.7,"pop":307439,"psavert":6,"uempmed":16,"unemploy":14601},{"date":"2009-08-01","pce":9961,"pop":307685,"psavert":4.9,"uempmed":16.3,"unemploy":14814},{"date":"2009-09-01","pce":9883.4,"pop":307946,"psavert":5.9,"uempmed":17.8,"unemploy":15009},{"date":"2009-10-01","pce":9931.9,"pop":308189,"psavert":5.4,"uempmed":18.9,"unemploy":15352},{"date":"2009-11-01","pce":9940.5,"pop":308418,"psavert":5.9,"uempmed":19.8,"unemploy":15219},{"date":"2009-12-01","pce":9998.9,"pop":308633,"psavert":5.9,"uempmed":20.1,"unemploy":15098},{"date":"2010-01-01","pce":10001.8,"pop":308833,"psavert":6.1,"uempmed":20,"unemploy":15046},{"date":"2010-02-01","pce":10030.6,"pop":309027,"psavert":5.8,"uempmed":19.9,"unemploy":15113},{"date":"2010-03-01","pce":10089.1,"pop":309212,"psavert":5.7,"uempmed":20.4,"unemploy":15202},{"date":"2010-04-01","pce":10112.9,"pop":309191.211,"psavert":6.4,"uempmed":22.1,"unemploy":15325},{"date":"2010-05-01","pce":10131,"pop":309369.053,"psavert":7,"uempmed":22.3,"unemploy":14849},{"date":"2010-06-01","pce":10151.4,"pop":309548.502,"psavert":6.9,"uempmed":25.2,"unemploy":14474},{"date":"2010-07-01","pce":10184.7,"pop":309745.698,"psavert":6.8,"uempmed":22.3,"unemploy":14512},{"date":"2010-08-01","pce":10228.2,"pop":309957.775,"psavert":6.9,"uempmed":21,"unemploy":14648},{"date":"2010-09-01","pce":10249,"pop":310176.466,"psavert":6.7,"uempmed":20.3,"unemploy":14579},{"date":"2010-10-01","pce":10304.7,"pop":310399.958,"psavert":6.6,"uempmed":21.2,"unemploy":14516},{"date":"2010-11-01","pce":10354.7,"pop":310595.764,"psavert":6.6,"uempmed":21,"unemploy":15081},{"date":"2010-12-01","pce":10392.1,"pop":310781.705,"psavert":7.1,"uempmed":21.9,"unemploy":14348},{"date":"2011-01-01","pce":10435.5,"pop":310960.74,"psavert":7.4,"uempmed":21.5,"unemploy":14013},{"date":"2011-02-01","pce":10470.1,"pop":311113.376,"psavert":7.6,"uempmed":21.1,"unemploy":13820},{"date":"2011-03-01","pce":10550.5,"pop":311265.404,"psavert":7,"uempmed":21.5,"unemploy":13737},{"date":"2011-04-01","pce":10587.6,"pop":311436.238,"psavert":6.9,"uempmed":20.9,"unemploy":13957},{"date":"2011-05-01","pce":10612,"pop":311607.08,"psavert":6.9,"uempmed":21.6,"unemploy":13855},{"date":"2011-06-01","pce":10636.8,"pop":311791.223,"psavert":7.2,"uempmed":22.4,"unemploy":13962},{"date":"2011-07-01","pce":10677.5,"pop":311997.049,"psavert":7.3,"uempmed":22,"unemploy":13763},{"date":"2011-08-01","pce":10700.6,"pop":312205.367,"psavert":7.2,"uempmed":22.4,"unemploy":13818},{"date":"2011-09-01","pce":10738.1,"pop":312429.118,"psavert":6.8,"uempmed":22,"unemploy":13948},{"date":"2011-10-01","pce":10753.1,"pop":312644.159,"psavert":6.8,"uempmed":20.6,"unemploy":13594},{"date":"2011-11-01","pce":10759.5,"pop":312829.523,"psavert":7,"uempmed":20.8,"unemploy":13302},{"date":"2011-12-01","pce":10772.2,"pop":313009.712,"psavert":7.8,"uempmed":20.5,"unemploy":13093},{"date":"2012-01-01","pce":10862.1,"pop":313183.179,"psavert":8,"uempmed":20.8,"unemploy":12797},{"date":"2012-02-01","pce":10953.5,"pop":313338.977,"psavert":8,"uempmed":19.7,"unemploy":12813},{"date":"2012-03-01","pce":10951.8,"pop":313499.369,"psavert":8.5,"uempmed":19.2,"unemploy":12713},{"date":"2012-04-01","pce":10979.7,"pop":313667.127,"psavert":8.7,"uempmed":19.1,"unemploy":12646},{"date":"2012-05-01","pce":10968.6,"pop":313830.53,"psavert":8.8,"uempmed":19.9,"unemploy":12660},{"date":"2012-06-01","pce":10946.3,"pop":314017.594,"psavert":9.1,"uempmed":20.4,"unemploy":12692},{"date":"2012-07-01","pce":10977.2,"pop":314210.786,"psavert":8.2,"uempmed":17.5,"unemploy":12656},{"date":"2012-08-01","pce":11004.1,"pop":314422.341,"psavert":8,"uempmed":18.4,"unemploy":12471},{"date":"2012-09-01","pce":11061.5,"pop":314646.749,"psavert":8.2,"uempmed":18.8,"unemploy":12115},{"date":"2012-10-01","pce":11099.8,"pop":314853.978,"psavert":8.8,"uempmed":19.9,"unemploy":12124},{"date":"2012-11-01","pce":11136.8,"pop":315053.863,"psavert":9.7,"uempmed":18.6,"unemploy":12005},{"date":"2012-12-01","pce":11140.5,"pop":315232.752,"psavert":12,"uempmed":17.7,"unemploy":12298},{"date":"2013-01-01","pce":11202.8,"pop":315389.595,"psavert":6.3,"uempmed":15.8,"unemploy":12471},{"date":"2013-02-01","pce":11239.6,"pop":315520.143,"psavert":5.8,"uempmed":17.2,"unemploy":11950},{"date":"2013-03-01","pce":11227.1,"pop":315662.224,"psavert":5.9,"uempmed":17.6,"unemploy":11689},{"date":"2013-04-01","pce":11205.4,"pop":315817.855,"psavert":6.4,"uempmed":17.1,"unemploy":11760},{"date":"2013-05-01","pce":11244.6,"pop":315983.654,"psavert":6.7,"uempmed":17.1,"unemploy":11654},{"date":"2013-06-01","pce":11268.8,"pop":316171.042,"psavert":6.8,"uempmed":17,"unemploy":11751},{"date":"2013-07-01","pce":11296.7,"pop":316358.778,"psavert":6.6,"uempmed":16.2,"unemploy":11335},{"date":"2013-08-01","pce":11329.2,"pop":316580.327,"psavert":6.7,"uempmed":16.5,"unemploy":11279},{"date":"2013-09-01","pce":11366.9,"pop":316806.125,"psavert":6.8,"uempmed":16.5,"unemploy":11270},{"date":"2013-10-01","pce":11419.8,"pop":317022.27,"psavert":6.3,"uempmed":16.3,"unemploy":11136},{"date":"2013-11-01","pce":11487.6,"pop":317228.026,"psavert":6.2,"uempmed":17.1,"unemploy":10787},{"date":"2013-12-01","pce":11517.9,"pop":317411.551,"psavert":6.4,"uempmed":17.3,"unemploy":10404},{"date":"2014-01-01","pce":11512.5,"pop":317593.923,"psavert":7.1,"uempmed":15.4,"unemploy":10202},{"date":"2014-02-01","pce":11566.2,"pop":317753.883,"psavert":7.3,"uempmed":15.9,"unemploy":10349},{"date":"2014-03-01","pce":11643,"pop":317917.203,"psavert":7.4,"uempmed":15.8,"unemploy":10380},{"date":"2014-04-01","pce":11702.6,"pop":318089.218,"psavert":7.4,"uempmed":15.7,"unemploy":9702},{"date":"2014-05-01","pce":11748.4,"pop":318269.505,"psavert":7.4,"uempmed":14.6,"unemploy":9859},{"date":"2014-06-01","pce":11817,"pop":318464.152,"psavert":7.4,"uempmed":13.8,"unemploy":9460},{"date":"2014-07-01","pce":11860.5,"pop":318662.368,"psavert":7.5,"uempmed":13.1,"unemploy":9608},{"date":"2014-08-01","pce":11944.3,"pop":318893.786,"psavert":7.2,"uempmed":12.9,"unemploy":9599},{"date":"2014-09-01","pce":11957.4,"pop":319125.296,"psavert":7.4,"uempmed":13.4,"unemploy":9262},{"date":"2014-10-01","pce":12023,"pop":319353.734,"psavert":7.2,"uempmed":13.6,"unemploy":8990},{"date":"2014-11-01","pce":12051.4,"pop":319564.209,"psavert":7.3,"uempmed":13,"unemploy":9090},{"date":"2014-12-01","pce":12062,"pop":319746.157,"psavert":7.6,"uempmed":12.9,"unemploy":8717},{"date":"2015-01-01","pce":12046,"pop":319928.646,"psavert":7.7,"uempmed":13.2,"unemploy":8903},{"date":"2015-02-01","pce":12082.4,"pop":320074.511,"psavert":7.9,"uempmed":12.9,"unemploy":8610},{"date":"2015-03-01","pce":12158.3,"pop":320230.786,"psavert":7.4,"uempmed":12,"unemploy":8504},{"date":"2015-04-01","pce":12193.8,"pop":320402.295,"psavert":7.6,"uempmed":11.5,"unemploy":8526}],"phone":[{"kolom1":1,"kolom2":"samsung","kolom3":10},{"kolom1":2,"kolom2":"xiomi","kolom3":20},{"kolom1":6,"kolom2":"nokia","kolom3":50},{"kolom1":7,"kolom2":"ericson","kolom3":10},{"kolom1":10,"kolom2":"apple","kolom3":10}],"migas":[{"Komponen Ekspor Impor":"Migas","Januari":"1551.8","Februari":"1304.3","Maret":"2279.1","April":"2023.4","Mei":"2062.0","Juni":"2297.8","Juli":"1785.9","Agustus":"2049.2","September":"-","Oktober":"-","November":"-","Desember":"-","Tahunan":"-"},{"Komponen Ekspor Impor":"Non Migas","Januari":"11778.1","Februari":"11960.7","Maret":"14508.4","April":"14180.9","Mei":"12172.8","Juni":"14920.7","Juli":"13328.6","Agustus":"14629.5","September":"-","Oktober":"-","November":"-","Desember":"-","Tahunan":"-"},{"Komponen Ekspor Impor":"Jumlah","Januari":"13329.9","Februari":"13265.0","Maret":"16787.5","April":"16204.3","Mei":"14234.8","Juni":"17218.5","Juli":"15114.5","Agustus":"16678.7","September":"-","Oktober":"-","November":"-","Desember":"-","Tahunan":"-"}]}
