{"chunk_definitions":[{"row":32,"row_count":1,"visible":true,"expansion_state":0,"options":{"engine":"r","label":"setup","include":false,"cache":false,"message":false,"warning":false,"results":"hide"},"document_id":"095B9684","chunk_id":"csetup_chunk","chunk_label":"setup"},{"row":366,"row_count":1,"visible":true,"expansion_state":0,"options":{"engine":"r","label":"unnamed-chunk-62"},"document_id":"095B9684","chunk_id":"cbx2y4e70gkq6","chunk_label":"unnamed-chunk-19"},{"row":385,"row_count":1,"visible":true,"expansion_state":0,"options":{"engine":"r","label":"unnamed-chunk-80"},"document_id":"095B9684","chunk_id":"c3uvdwq2ttzqq","chunk_label":"unnamed-chunk-20"},{"row":401,"row_count":1,"visible":true,"expansion_state":0,"options":{"engine":"r","label":"unnamed-chunk-83"},"document_id":"095B9684","chunk_id":"cwsek5rt5qch1","chunk_label":"unnamed-chunk-21"},{"row":412,"row_count":1,"visible":true,"expansion_state":0,"options":{"engine":"r","label":"unnamed-chunk-84"},"document_id":"095B9684","chunk_id":"cndn29ll5kxtz","chunk_label":"unnamed-chunk-22"},{"row":426,"row_count":1,"visible":true,"expansion_state":0,"options":{"engine":"r","label":"unnamed-chunk-89"},"document_id":"095B9684","chunk_id":"cmulclqwnv3f7","chunk_label":"unnamed-chunk-23"},{"row":440,"row_count":1,"visible":true,"expansion_state":0,"options":{"engine":"r","label":"unnamed-chunk-94"},"document_id":"095B9684","chunk_id":"cixtalho3g0pc","chunk_label":"unnamed-chunk-24"}],"doc_write_time":1631843737}